"Sample","freq_cancer","freq_non_cancer","pred_label","pred","label"
"AAGGTTCAGAGGGATA-1","0","1","non_cancer",0,0
"ACCCACTCACACATGT-1","0","1","non_cancer",0,0
"ACCCACTGTAGGCTGA-1","0","1","non_cancer",0,0
"ACGAGCCTCTACTTAC-1","0","1","non_cancer",0,0
"ACGGAGAAGAATGTGT-1","0","1","non_cancer",0,0
"ACTGAGTAGCAGGTCA-1","0","1","non_cancer",0,0
"ACTTGTTTCATGGTCA-1","0.2","0.8","non_cancer",0,0
"AGCATACAGTGGAGAA-1","0","1","non_cancer",0,0
"AGCTCTCAGGTGGGTT-1","0","1","non_cancer",0,0
"AGGGTGAGTGTTAAGA-1","0","1","non_cancer",0,0
"AGTTGGTGTCTGATCA-1","0","1","non_cancer",0,0
"ATCATGGAGGCACATG-1","0","1","non_cancer",0,0
"ATCATGGTCTGGTATG-1","0","1","non_cancer",0,0
"ATCCACCGTAGCGCAA-1","0","1","non_cancer",0,0
"ATCGAGTCATGGTTGT-1","0","1","non_cancer",0,0
"CAACCAAGTTCAGCGC-1","0","1","non_cancer",0,0
"CAACCAATCTTAGCCC-1","0","1","non_cancer",0,0
"CAAGGCCCAGATGGGT-1","0","1","non_cancer",0,0
"CAAGTTGCATGATCCA-1","0","1","non_cancer",0,0
"CACACTCGTACAGTGG-1","0","1","non_cancer",0,0
"CACATAGCACCAGATT-1","0","1","non_cancer",0,0
"CAGCCGATCCTAGTGA-1","0","1","non_cancer",0,0
"CATCCACCATACTCTT-1","0","1","non_cancer",0,0
"CATTCGCCACATGACT-1","0","1","non_cancer",0,0
"CCACTACTCGGAGCAA-1","0","1","non_cancer",0,0
"CCTATTATCCACGAAT-1","0","1","non_cancer",0,0
"CCTTCCCGTCACACGC-1","0","1","non_cancer",0,0
"CGAGCACTCACTGGGC-1","0","1","non_cancer",0,0
"CGATTGATCTTGGGTA-1","0","1","non_cancer",0,0
"CGGGTCAGTTGTCTTT-1","0","1","non_cancer",0,0
"CGTAGGCCAGGCTCAC-1","0","1","non_cancer",0,0
"CGTCACTAGGATGGAA-1","0","1","non_cancer",0,0
"CGTGAGCGTAGGGACT-1","0","1","non_cancer",0,0
"CGTGTAAGTCGTTGTA-1","0","1","non_cancer",0,0
"CGTGTCTCAGTGAGTG-1","0","1","non_cancer",0,0
"CGTGTCTGTAGCGCAA-1","0","1","non_cancer",0,0
"CTAACTTTCAAAGTAG-1","0","1","non_cancer",0,0
"CTAACTTTCACCTTAT-1","0","1","non_cancer",0,0
"CTAAGACAGAGAGCTC-1","0","1","non_cancer",0,0
"CTAATGGCATGTAGTC-1","0.2","0.8","non_cancer",0,0
"CTACCCACAGCGTCCA-1","0","1","non_cancer",0,0
"CTAGAGTAGCTGAACG-1","0","1","non_cancer",0,0
"CTCATTAAGTCGATAA-1","0","1","non_cancer",0,0
"CTCGGAGTCTCCAACC-1","0","1","non_cancer",0,0
"CTCTAATAGGCACATG-1","0","1","non_cancer",0,0
"CTTCTCTTCTCGTATT-1","0","1","non_cancer",0,0
"GAAACTCCAAGTAGTA-1","0","1","non_cancer",0,0
"GAATAAGAGGGATGGG-1","0","1","non_cancer",0,0
"GACAGAGCAAACCTAC-1","0","1","non_cancer",0,0
"GACGTGCAGGGATACC-1","0","1","non_cancer",0,0
"GACTACATCCACGCAG-1","0","1","non_cancer",0,0
"GATCGTAGTGTCTGAT-1","0","1","non_cancer",0,0
"GCAGCCATCAGCGATT-1","0","1","non_cancer",0,0
"GCATGCGTCAGCGACC-1","0","1","non_cancer",0,0
"GCGCGATAGGATCGCA-1","0","1","non_cancer",0,0
"GGAAAGCAGGGTGTTG-1","0","1","non_cancer",0,0
"GGATGTTAGCCGGTAA-1","0","1","non_cancer",0,0
"GTCAAGTTCATGTGGT-1","0","1","non_cancer",0,0
"GTCACAAAGCTCAACT-1","0","1","non_cancer",0,0
"GTCTCGTCACAAGCCC-1","0","1","non_cancer",0,0
"GTGCAGCAGACTTTCG-1","0","1","non_cancer",0,0
"GTGCATACAAAGTCAA-1","0","1","non_cancer",0,0
"GTGGGTCCAGATGAGC-1","0","1","non_cancer",0,0
"GTTACAGAGATCTGCT-1","0","1","non_cancer",0,0
"GTTCATTAGTAGGTGC-1","0","1","non_cancer",0,0
"TAAACCGTCGCCGTGA-1","0","1","non_cancer",0,0
"TACTCATCATCAGTAC-1","0","1","non_cancer",0,0
"TAGACCACAAAGGAAG-1","0","1","non_cancer",0,0
"TAGTGGTTCGGCTTGG-1","0","1","non_cancer",0,0
"TCACGAAAGTTAAGTG-1","0","1","non_cancer",0,0
"TCACGAACATCTATGG-1","0","1","non_cancer",0,0
"TCAGGTAGTGAGTGAC-1","0","1","non_cancer",0,0
"TCGTAGACACAGACAG-1","0","1","non_cancer",0,0
"TCTGAGACACTACAGT-1","0","1","non_cancer",0,0
"TCTGGAATCCGTCAAA-1","0","1","non_cancer",0,0
"TCTTCGGGTCTTGTCC-1","0","1","non_cancer",0,0
"TGAGCATGTCTTCGTC-1","0","1","non_cancer",0,0
"TGCACCTAGATCTGAA-1","0","1","non_cancer",0,0
"TGCCCTATCTGACCTC-1","0","1","non_cancer",0,0
"TGCGCAGAGCACCGCT-1","0","1","non_cancer",0,0
"TGCGGGTAGCCAGTTT-1","0","1","non_cancer",0,0
"TGCTACCCAAGCCGCT-1","0","1","non_cancer",0,0
"TGCTGCTAGGAATGGA-1","0.2","0.8","non_cancer",0,0
"TGGTTAGCACTTCTGC-1","0","1","non_cancer",0,0
"TTAGGACTCCGTAGTA-1","0","1","non_cancer",0,0
"TTCTCCTCACGTCAGC-1","0","1","non_cancer",0,0
"AAACGGGTCCAGTAGT-1","0","1","non_cancer",0,0
"AAAGATGTCCCAAGAT-1","0","1","non_cancer",0,0
"AAAGTAGAGTGGTAAT-1","0","1","non_cancer",0,0
"AACACGTAGTTAGGTA-1","0","1","non_cancer",0,0
"AACCATGCAGGACCCT-1","0","1","non_cancer",0,0
"AACCATGCATGAAGTA-1","0","1","non_cancer",0,0
"AACCGCGTCACTGGGC-1","0","1","non_cancer",0,0
"AACTGGTGTGTGAATA-1","0","1","non_cancer",0,0
"AACTTTCAGTATCTCG-1","0","1","non_cancer",0,0
"AACTTTCCAACCGCCA-1","0","1","non_cancer",0,0
"AAGCCGCCACAGGCCT-1","0.8","0.2","cancer",1,0
"AAGGAGCCAGCCAGAA-1","0","1","non_cancer",0,0
"AAGGAGCGTCGGATCC-1","0","1","non_cancer",0,0
"AAGGCAGAGTTCGCAT-1","0","1","non_cancer",0,0
"AAGGCAGGTATGAAAC-1","0","1","non_cancer",0,0
"AAGGTTCGTAGAGGAA-1","0","1","non_cancer",0,0
"AAGGTTCGTGCAACGA-1","0","1","non_cancer",0,0
"AAGTCTGTCCGCGGTA-1","0","1","non_cancer",0,0
"AATCCAGAGAATTCCC-1","0","1","non_cancer",0,0
"AATCCAGAGATGCCTT-1","0","1","non_cancer",0,0
"AATCGGTAGAGCCCAA-1","0","1","non_cancer",0,0
"ACACCCTCATTTCACT-1","0","1","non_cancer",0,0
"ACACCGGGTGACAAAT-1","0","1","non_cancer",0,0
"ACACTGACAGCCAGAA-1","0.2","0.8","non_cancer",0,0
"ACACTGAGTCTGCGGT-1","0","1","non_cancer",0,0
"ACAGCTAAGCACGCCT-1","0","1","non_cancer",0,0
"ACAGCTATCATTTGGG-1","0.2","0.8","non_cancer",0,0
"ACATACGGTCGCATCG-1","0","1","non_cancer",0,0
"ACCCACTTCATCTGTT-1","0","1","non_cancer",0,0
"ACCCACTTCTGCGACG-1","0","1","non_cancer",0,0
"ACGATACCAAGCCTAT-1","0","1","non_cancer",0,0
"ACGATGTTCTGAGGGA-1","0","1","non_cancer",0,0
"ACGCCAGAGGACTGGT-1","0","1","non_cancer",0,0
"ACGCCAGAGGCAATTA-1","0","1","non_cancer",0,0
"ACGCCGATCCCTCTTT-1","0","1","non_cancer",0,0
"ACGCCGATCGCACTCT-1","0","1","non_cancer",0,0
"ACGGGTCGTACCATCA-1","0","1","non_cancer",0,0
"ACGGGTCGTGTCAATC-1","0","1","non_cancer",0,0
"ACTGAGTAGAACTGTA-1","0","1","non_cancer",0,0
"ACTGTCCCAGCTGGCT-1","0","1","non_cancer",0,0
"ACTTGTTCAGATTGCT-1","0","1","non_cancer",0,0
"AGACGTTAGGATGGAA-1","0","1","non_cancer",0,0
"AGACGTTAGTGTCCAT-1","0","1","non_cancer",0,0
"AGAGCGACATTTGCTT-1","0","1","non_cancer",0,0
"AGAGCTTGTCCATCCT-1","0","1","non_cancer",0,0
"AGAGTGGGTCCGACGT-1","0","1","non_cancer",0,0
"AGATCTGGTGAGGGTT-1","0","1","non_cancer",0,0
"AGATTGCAGGCTATCT-1","0","1","non_cancer",0,0
"AGATTGCCACCCTATC-1","0","1","non_cancer",0,0
"AGCAGCCAGCGATCCC-1","0","1","non_cancer",0,0
"AGCATACGTGTATGGG-1","0","1","non_cancer",0,0
"AGCCTAAAGTCCAGGA-1","0","1","non_cancer",0,0
"AGCCTAATCTGATACG-1","0","1","non_cancer",0,0
"AGCGGTCCACCGATAT-1","0","1","non_cancer",0,0
"AGCGTATGTTAAAGAC-1","0","1","non_cancer",0,0
"AGCGTATTCTCAACTT-1","0","1","non_cancer",0,0
"AGCTCCTCAACACCCG-1","0","1","non_cancer",0,0
"AGCTCCTCACGTCTCT-1","0","1","non_cancer",0,0
"AGCTCTCAGGAGTTTA-1","0.2","0.8","non_cancer",0,0
"AGGCCACAGTACCGGA-1","0","1","non_cancer",0,0
"AGGCCACCAATTGCTG-1","0","1","non_cancer",0,0
"AGGCCGTCATACTCTT-1","0","1","non_cancer",0,0
"AGGGAGTGTAGCTTGT-1","0","1","non_cancer",0,0
"AGGGAGTTCACGCATA-1","0","1","non_cancer",0,0
"AGGGTGAAGTGGACGT-1","0","1","non_cancer",0,0
"AGTAGTCGTAGCGTAG-1","0.8","0.2","cancer",1,0
"AGTGGGATCGTTACAG-1","0","1","non_cancer",0,0
"AGTGTCACATTCTTAC-1","0","1","non_cancer",0,0
"AGTGTCATCGGTCTAA-1","0","1","non_cancer",0,0
"AGTTGGTCAAGCCATT-1","0","1","non_cancer",0,0
"ATAACGCAGCTAGTCT-1","0","1","non_cancer",0,0
"ATAACGCCAAACGTGG-1","0","1","non_cancer",0,0
"ATAACGCCAAGTAGTA-1","0","1","non_cancer",0,0
"ATAGACCCAATGTTGC-1","0","1","non_cancer",0,0
"ATCACGAGTGGGTATG-1","0","1","non_cancer",0,0
"ATCCACCAGCACCGCT-1","0","1","non_cancer",0,0
"ATCCGAAAGAGTTGGC-1","0","1","non_cancer",0,0
"ATCCGAAGTGGTTTCA-1","0","1","non_cancer",0,0
"ATCGAGTTCAAACCGT-1","0","1","non_cancer",0,0
"ATCTACTAGATGGGTC-1","0","1","non_cancer",0,0
"ATGTGTGTCTCCAACC-1","0","1","non_cancer",0,0
"ATTCTACTCCAAGCCG-1","0","1","non_cancer",0,0
"CAACCAACAATAACGA-1","0","1","non_cancer",0,0
"CAACTAGGTCTAGAGG-1","0","1","non_cancer",0,0
"CAAGGCCCAAAGCAAT-1","0","1","non_cancer",0,0
"CAAGTTGAGGTGACCA-1","0","1","non_cancer",0,0
"CAAGTTGGTCTCCACT-1","0","1","non_cancer",0,0
"CACACCTCATCGACGC-1","0","1","non_cancer",0,0
"CACACCTTCTATCGCC-1","0","1","non_cancer",0,0
"CACACTCAGCAGCGTA-1","0","1","non_cancer",0,0
"CACACTCTCGTTGCCT-1","0","1","non_cancer",0,0
"CACAGTATCGTCTGCT-1","0.2","0.8","non_cancer",0,0
"CACATTTCATACTACG-1","0","1","non_cancer",0,0
"CACCACTGTCCGAACC-1","0","1","non_cancer",0,0
"CACCTTGCACTTAACG-1","0.2","0.8","non_cancer",0,0
"CAGAATCGTACTTCTT-1","0","1","non_cancer",0,0
"CAGAGAGTCCGATATG-1","0","1","non_cancer",0,0
"CAGATCAAGTGGACGT-1","0","1","non_cancer",0,0
"CAGATCAAGTTGCAGG-1","0","1","non_cancer",0,0
"CAGCAGCAGACAAGCC-1","0","1","non_cancer",0,0
"CAGCAGCCAAAGTGCG-1","0","1","non_cancer",0,0
"CAGCATAGTACGACCC-1","0","1","non_cancer",0,0
"CAGCGACCATTGGTAC-1","0","1","non_cancer",0,0
"CAGCGACGTCAGCTAT-1","0","1","non_cancer",0,0
"CAGCGACTCTGTGCAA-1","0","1","non_cancer",0,0
"CAGCTAAAGAGTAAGG-1","0","1","non_cancer",0,0
"CAGCTGGTCGGCGGTT-1","0","1","non_cancer",0,0
"CAGGTGCCAATTCCTT-1","0","1","non_cancer",0,0
"CAGTCCTCATCCAACA-1","0","1","non_cancer",0,0
"CATCAAGGTACATCCA-1","1","0","cancer",1,0
"CATCAAGGTACCATCA-1","0","1","non_cancer",0,0
"CATCCACAGCCACGTC-1","0","1","non_cancer",0,0
"CATCCACAGTAGCCGA-1","0","1","non_cancer",0,0
"CATCCACGTCATGCCG-1","0","1","non_cancer",0,0
"CATGACAAGACCTAGG-1","0","1","non_cancer",0,0
"CATGGCGTCAACCAAC-1","0","1","non_cancer",0,0
"CCAATCCCAACTGGCC-1","0","1","non_cancer",0,0
"CCACCTACAGATCCAT-1","0","1","non_cancer",0,0
"CCACCTATCGTTGCCT-1","0","1","non_cancer",0,0
"CCAGCGACATTTGCCC-1","0","1","non_cancer",0,0
"CCAGCGAGTTCCCGAG-1","0","1","non_cancer",0,0
"CCAGCGATCCTGTAGA-1","0","1","non_cancer",0,0
"CCATTCGCAGGATCGA-1","0","1","non_cancer",0,0
"CCGGGATCACACCGCA-1","0","1","non_cancer",0,0
"CCGTACTGTACCGGCT-1","0","1","non_cancer",0,0
"CCGTGGAAGATCCCGC-1","0","1","non_cancer",0,0
"CCTACCAGTATCAGTC-1","0","1","non_cancer",0,0
"CCTACCATCGCGGATC-1","0","1","non_cancer",0,0
"CCTCAGTTCCACGAAT-1","0","1","non_cancer",0,0
"CCTCTGAGTAGCAAAT-1","0","1","non_cancer",0,0
"CCTTACGCATATGAGA-1","0","1","non_cancer",0,0
"CCTTACGGTAGGGACT-1","0","1","non_cancer",0,0
"CCTTACGTCGCAAGCC-1","0","1","non_cancer",0,0
"CCTTCCCTCCCTTGCA-1","0","1","non_cancer",0,0
"CCTTCGAAGACCTTTG-1","0","1","non_cancer",0,0
"CCTTTCTGTTGATTGC-1","0","1","non_cancer",0,0
"CGAACATCAGTAACGG-1","0","1","non_cancer",0,0
"CGAGAAGAGTTGTCGT-1","0","1","non_cancer",0,0
"CGAGAAGGTGAGGGTT-1","0","1","non_cancer",0,0
"CGAGAAGTCGCGGATC-1","0","1","non_cancer",0,0
"CGAGCCACACGCGAAA-1","0","1","non_cancer",0,0
"CGATGGCTCAACGGGA-1","0","1","non_cancer",0,0
"CGATTGATCTGGCGTG-1","0","1","non_cancer",0,0
"CGCCAAGAGGACATTA-1","0","1","non_cancer",0,0
"CGCGGTATCATCATTC-1","0","1","non_cancer",0,0
"CGCGTTTTCCTCCTAG-1","0","1","non_cancer",0,0
"CGCTATCTCATTATCC-1","0","1","non_cancer",0,0
"CGGACGTAGCAGCCTC-1","0","1","non_cancer",0,0
"CGGAGCTAGGATGCGT-1","0","1","non_cancer",0,0
"CGGAGCTTCCGCATAA-1","0","1","non_cancer",0,0
"CGGAGCTTCTTGAGAC-1","0","1","non_cancer",0,0
"CGGAGTCTCGTCACGG-1","0","1","non_cancer",0,0
"CGGCTAGTCAGCAACT-1","0","1","non_cancer",0,0
"CGTCACTGTCGGGTCT-1","0","1","non_cancer",0,0
"CGTCCATCATCGACGC-1","0.8","0.2","cancer",1,0
"CGTGTCTTCAAACGGG-1","0","1","non_cancer",0,0
"CTAACTTCAGCGATCC-1","0","1","non_cancer",0,0
"CTAATGGCAAAGGCGT-1","0","1","non_cancer",0,0
"CTACACCTCACCGTAA-1","0.4","0.6","non_cancer",0,0
"CTACATTGTCTTTCAT-1","0","1","non_cancer",0,0
"CTACCCACACTTAAGC-1","0","1","non_cancer",0,0
"CTAGAGTAGAATAGGG-1","0","1","non_cancer",0,0
"CTAGAGTAGGTGCTAG-1","0","1","non_cancer",0,0
"CTAGCCTAGACCTTTG-1","0","1","non_cancer",0,0
"CTAGCCTCATGAGCGA-1","0.8","0.2","cancer",1,0
"CTCACACCATTCGACA-1","1","0","cancer",1,0
"CTCAGAATCGTCCAGG-1","0","1","non_cancer",0,0
"CTCGAAATCTCTAGGA-1","0","1","non_cancer",0,0
"CTCGAGGAGGAATTAC-1","0","1","non_cancer",0,0
"CTCGTCAAGTGAATTG-1","0","1","non_cancer",0,0
"CTCTAATTCCACGACG-1","0","1","non_cancer",0,0
"CTCTACGTCAACACTG-1","0","1","non_cancer",0,0
"CTCTGGTCAGATGGGT-1","0","1","non_cancer",0,0
"CTGAAACCAGATGAGC-1","0","1","non_cancer",0,0
"CTGAAGTAGCGATAGC-1","0","1","non_cancer",0,0
"CTGATAGGTCTTGCGG-1","0","1","non_cancer",0,0
"CTGATCCTCTAACTTC-1","0","1","non_cancer",0,0
"CTGCCTACAGCGTAAG-1","0","1","non_cancer",0,0
"CTGCGGACAGATGGGT-1","0","1","non_cancer",0,0
"CTGTTTATCAAGAAGT-1","0","1","non_cancer",0,0
"CTTAACTAGAATGTTG-1","0","1","non_cancer",0,0
"CTTAACTTCGAGCCCA-1","0","1","non_cancer",0,0
"CTTAGGAGTCACTGGC-1","0","1","non_cancer",0,0
"GAAATGACACGTCTCT-1","0","1","non_cancer",0,0
"GAAGCAGGTTCCCTTG-1","0","1","non_cancer",0,0
"GAATAAGGTCGAGATG-1","0","1","non_cancer",0,0
"GAATAAGTCATGCAAC-1","0","1","non_cancer",0,0
"GAATGAATCAGAGACG-1","0","1","non_cancer",0,0
"GACAGAGCACTGAAGG-1","0","1","non_cancer",0,0
"GACAGAGGTCATCGGC-1","0","1","non_cancer",0,0
"GACAGAGGTTTGACAC-1","0","1","non_cancer",0,0
"GACCAATTCTACTATC-1","0","1","non_cancer",0,0
"GACGCGTCATGCCCGA-1","0","1","non_cancer",0,0
"GACGGCTGTCCATCCT-1","0.8","0.2","cancer",1,0
"GACGTTAAGTCTTGCA-1","0","1","non_cancer",0,0
"GACGTTACACGTCTCT-1","0","1","non_cancer",0,0
"GACTACAAGTCTTGCA-1","0","1","non_cancer",0,0
"GACTACAAGTTGAGTA-1","0","1","non_cancer",0,0
"GACTGCGTCCACGCAG-1","0","1","non_cancer",0,0
"GAGCAGAGTAGGAGTC-1","0","1","non_cancer",0,0
"GAGGTGAGTCATTAGC-1","0","1","non_cancer",0,0
"GAGTCCGGTATGGTTC-1","0","1","non_cancer",0,0
"GATCGCGCAATCACAC-1","0","1","non_cancer",0,0
"GATCGTACACCAGGCT-1","0","1","non_cancer",0,0
"GATCGTATCATGTCCC-1","0","1","non_cancer",0,0
"GATCTAGGTGAGGGAG-1","0","1","non_cancer",0,0
"GATGAAATCACTTCAT-1","0","1","non_cancer",0,0
"GATGAGGCACTGTGTA-1","0","1","non_cancer",0,0
"GCAAACTCATTATCTC-1","0","1","non_cancer",0,0
"GCACTCTAGCACGCCT-1","0","1","non_cancer",0,0
"GCACTCTAGGGTATCG-1","0","1","non_cancer",0,0
"GCACTCTGTCGAATCT-1","0","1","non_cancer",0,0
"GCAGCCATCCCTAACC-1","0","1","non_cancer",0,0
"GCATGATAGGGAAACA-1","0","1","non_cancer",0,0
"GCATGATGTGCACGAA-1","0","1","non_cancer",0,0
"GCATGCGAGCGCCTCA-1","0","1","non_cancer",0,0
"GCCAAATAGCGCTTAT-1","0","1","non_cancer",0,0
"GCGAGAAGTATCTGCA-1","0","1","non_cancer",0,0
"GCGGGTTCACAACGCC-1","0","1","non_cancer",0,0
"GCTCCTATCGCTTAGA-1","0","1","non_cancer",0,0
"GCTGCTTCACCAGTTA-1","0","1","non_cancer",0,0
"GCTGCTTCACGAAATA-1","0","1","non_cancer",0,0
"GCTGGGTGTCTCTTAT-1","0","1","non_cancer",0,0
"GCTTCCAGTTTACTCT-1","0","1","non_cancer",0,0
"GCTTGAATCACCTCGT-1","0","1","non_cancer",0,0
"GGAATAATCCAAGCCG-1","0","1","non_cancer",0,0
"GGACAGAAGTTAGCGG-1","0","1","non_cancer",0,0
"GGACATTGTGTTGGGA-1","0","1","non_cancer",0,0
"GGACGTCCACGAGAGT-1","0","1","non_cancer",0,0
"GGACGTCTCCAGATCA-1","0","1","non_cancer",0,0
"GGAGCAAAGCGGATCA-1","0","1","non_cancer",0,0
"GGATTACCATTGAGCT-1","0","1","non_cancer",0,0
"GGATTACGTCGACTGC-1","0","1","non_cancer",0,0
"GGCAATTAGATGTGTA-1","0","1","non_cancer",0,0
"GGCCGATGTTAAGGGC-1","0","1","non_cancer",0,0
"GGCGTGTAGCGTAGTG-1","0","1","non_cancer",0,0
"GGCGTGTGTACTCAAC-1","0","1","non_cancer",0,0
"GGCGTGTTCCCTAACC-1","0","1","non_cancer",0,0
"GGCTGGTCAGTGAGTG-1","0","1","non_cancer",0,0
"GGGAGATCACGGATAG-1","0.2","0.8","non_cancer",0,0
"GGGAGATTCGGAAATA-1","0","1","non_cancer",0,0
"GGGAGATTCGTTGACA-1","0","1","non_cancer",0,0
"GGGATGACAAGCGATG-1","0.8","0.2","cancer",1,0
"GGGCACTTCAACGCTA-1","0","1","non_cancer",0,0
"GGGCATCTCATCATTC-1","0","1","non_cancer",0,0
"GGGTTGCAGCCAGTTT-1","0","1","non_cancer",0,0
"GGTATTGCATGGTCAT-1","0","1","non_cancer",0,0
"GGTGAAGAGCTAACTC-1","0","1","non_cancer",0,0
"GGTGAAGTCAGAGGTG-1","0","1","non_cancer",0,0
"GGTGCGTTCTACCTGC-1","0","1","non_cancer",0,0
"GGTGTTAGTACCGAGA-1","0","1","non_cancer",0,0
"GTAACTGAGGATTCGG-1","0","1","non_cancer",0,0
"GTAACTGGTCGCATAT-1","0","1","non_cancer",0,0
"GTACGTAAGCGTCTAT-1","0","1","non_cancer",0,0
"GTACTTTAGGCTAGGT-1","0","1","non_cancer",0,0
"GTACTTTGTTTAAGCC-1","0","1","non_cancer",0,0
"GTATCTTCAGTCTTCC-1","0","1","non_cancer",0,0
"GTCAAGTAGATGCCAG-1","0","1","non_cancer",0,0
"GTCGGGTTCTGGTATG-1","0","1","non_cancer",0,0
"GTCGTAAAGCCGTCGT-1","0","1","non_cancer",0,0
"GTCGTAAGTTCCCGAG-1","0","1","non_cancer",0,0
"GTCTCGTCAGACTCGC-1","0","1","non_cancer",0,0
"GTCTTCGGTCTGCGGT-1","0","1","non_cancer",0,0
"GTGCATAAGCGTAATA-1","0","1","non_cancer",0,0
"GTGCGGTGTTATCCGA-1","0.8","0.2","cancer",1,0
"GTGCGGTTCAACACAC-1","0","1","non_cancer",0,0
"GTGGGTCAGCGTGAAC-1","0","1","non_cancer",0,0
"GTGTGCGGTGGTAACG-1","0","1","non_cancer",0,0
"GTGTGCGGTTATCACG-1","0","1","non_cancer",0,0
"GTTAAGCAGGCATGTG-1","0","1","non_cancer",0,0
"GTTACAGCACCAGCAC-1","0","1","non_cancer",0,0
"GTTACAGGTCGCTTCT-1","0","1","non_cancer",0,0
"GTTCATTAGTGACATA-1","0","1","non_cancer",0,0
"GTTCGGGTCGCAAACT-1","0","1","non_cancer",0,0
"GTTCTCGAGCCCAGCT-1","0","1","non_cancer",0,0
"GTTTCTAGTCGCGAAA-1","0","1","non_cancer",0,0
"TAAGAGAAGGAATTAC-1","0","1","non_cancer",0,0
"TAAGTGCTCCACTCCA-1","0","1","non_cancer",0,0
"TAAGTGCTCTCTTATG-1","0","1","non_cancer",0,0
"TACACGAAGCAATATG-1","0","1","non_cancer",0,0
"TACAGTGGTTATCGGT-1","0","1","non_cancer",0,0
"TACCTATAGTGTCCCG-1","0","1","non_cancer",0,0
"TACCTATAGTGTTAGA-1","0","1","non_cancer",0,0
"TACCTATTCATTCACT-1","0","1","non_cancer",0,0
"TACTCATGTCTGCCAG-1","0","1","non_cancer",0,0
"TACTCATTCGCCCTTA-1","0","1","non_cancer",0,0
"TACTTACAGTACGCCC-1","0","1","non_cancer",0,0
"TAGACCACACAGACTT-1","0","1","non_cancer",0,0
"TAGTGGTGTCGAGTTT-1","0","1","non_cancer",0,0
"TAGTTGGGTCATTAGC-1","0","1","non_cancer",0,0
"TAGTTGGTCACCTCGT-1","0","1","non_cancer",0,0
"TATCAGGAGTGTCCAT-1","0","1","non_cancer",0,0
"TATCAGGTCCGCAGTG-1","0","1","non_cancer",0,0
"TATCTCACATATGAGA-1","0","1","non_cancer",0,0
"TATGCCCGTGGAAAGA-1","0","1","non_cancer",0,0
"TCAACGAAGCGTCAAG-1","0","1","non_cancer",0,0
"TCAATCTGTGTTCTTT-1","0","1","non_cancer",0,0
"TCACAAGAGGAGCGAG-1","0","1","non_cancer",0,0
"TCAGATGTCAAACCGT-1","0","1","non_cancer",0,0
"TCAGATGTCAAAGACA-1","0","1","non_cancer",0,0
"TCAGGATCAAAGAATC-1","0","1","non_cancer",0,0
"TCAGGTAGTGCGAAAC-1","0","1","non_cancer",0,0
"TCATTTGAGTCAAGGC-1","0","1","non_cancer",0,0
"TCATTTGTCAACGCTA-1","0","1","non_cancer",0,0
"TCGAGGCGTTGCGCAC-1","0","1","non_cancer",0,0
"TCGCGAGCACGAAGCA-1","0","1","non_cancer",0,0
"TCGGGACCACCGCTAG-1","0","1","non_cancer",0,0
"TCGTACCTCAAACGGG-1","0","1","non_cancer",0,0
"TCGTAGAAGCGCCTCA-1","0","1","non_cancer",0,0
"TCTCTAACACAGGCCT-1","0","1","non_cancer",0,0
"TCTCTAACATCCCATC-1","0","1","non_cancer",0,0
"TCTGGAATCGGCGCTA-1","0","1","non_cancer",0,0
"TCTTCGGTCGTAGATC-1","0","1","non_cancer",0,0
"TCTTTCCTCGCTTAGA-1","0","1","non_cancer",0,0
"TGAGAGGTCCTTGACC-1","0","1","non_cancer",0,0
"TGAGCATTCTACTTAC-1","0","1","non_cancer",0,0
"TGCACCTGTGATGATA-1","0","1","non_cancer",0,0
"TGCCCTATCCCAACGG-1","0","1","non_cancer",0,0
"TGCGCAGGTTTGGGCC-1","0","1","non_cancer",0,0
"TGCGCAGTCTTTACGT-1","0","1","non_cancer",0,0
"TGCGGGTAGGGTATCG-1","0","1","non_cancer",0,0
"TGGCCAGGTTCGTCTC-1","0","1","non_cancer",0,0
"TGGGAAGCATTACCTT-1","0","1","non_cancer",0,0
"TGGGCGTCATCACGAT-1","0","1","non_cancer",0,0
"TGGTTAGCAATAACGA-1","0","1","non_cancer",0,0
"TGTCCCATCAACGGCC-1","0.4","0.6","non_cancer",0,0
"TGTGTTTGTGGTACAG-1","0","1","non_cancer",0,0
"TGTTCCGGTACAGACG-1","0","1","non_cancer",0,0
"TTAACTCAGACGCACA-1","0","1","non_cancer",0,0
"TTAACTCCAGATCGGA-1","0","1","non_cancer",0,0
"TTAGGACCAGCTGTTA-1","0","1","non_cancer",0,0
"TTAGGCACATATGGTC-1","0","1","non_cancer",0,0
"TTAGGCAGTTATGTGC-1","0.8","0.2","cancer",1,0
"TTAGGCAGTTGAGTTC-1","0","1","non_cancer",0,0
"TTAGGCATCGTACCGG-1","0","1","non_cancer",0,0
"TTAGGCATCGTAGGTT-1","0","1","non_cancer",0,0
"TTAGTTCCATCGGACC-1","0","1","non_cancer",0,0
"TTAGTTCTCGTTTAGG-1","0","1","non_cancer",0,0
"TTATGCTGTAAATGAC-1","0","1","non_cancer",0,0
"TTCGAAGTCGGAAACG-1","0","1","non_cancer",0,0
"TTCGAAGTCTGCAAGT-1","0","1","non_cancer",0,0
"TTCTCCTGTGCAACTT-1","0","1","non_cancer",0,0
"TTGCCGTGTACTTCTT-1","0","1","non_cancer",0,0
"TTGTAGGCACACTGCG-1","0","1","non_cancer",0,0
"TTGTAGGGTTACCAGT-1","0","1","non_cancer",0,0
"TTTATGCCAGCCTTTC-1","0","1","non_cancer",0,0
"TTTCCTCTCACAATGC-1","0","1","non_cancer",0,0
"TTTGCGCCACAGCCCA-1","0","1","non_cancer",0,0
"TTTGGTTGTGTGTGCC-1","0","1","non_cancer",0,0
"TTTGTCAAGGTTACCT-1","0","1","non_cancer",0,0
"TTTGTCAGTCTTGTCC-1","0","1","non_cancer",0,0
"AAACCTGGTCAACATC-1","0","1","non_cancer",0,0
"AAACGGGAGCGTAATA-1","0","1","non_cancer",0,0
"AAAGCAAGTCTCATCC-1","0","1","non_cancer",0,0
"AACTTTCCACGTAAGG-1","0","1","non_cancer",0,0
"AAGGCAGAGAGCTGGT-1","0","1","non_cancer",0,0
"AATCCAGCACACATGT-1","0","1","non_cancer",0,0
"ACACCGGCATAAAGGT-1","0","1","non_cancer",0,0
"ACACCGGTCATCATTC-1","0","1","non_cancer",0,0
"ACACTGAGTCTAACGT-1","0","1","non_cancer",0,0
"ACAGCCGAGTGTCCAT-1","0","1","non_cancer",0,0
"ACATCAGTCATGTGGT-1","0","1","non_cancer",0,0
"ACATGGTCACGAAATA-1","0","1","non_cancer",0,0
"ACCGTAAGTAAGTTCC-1","0","1","non_cancer",0,0
"ACCGTAAGTCTCACCT-1","0","1","non_cancer",0,0
"ACGAGCCTCGGTTCGG-1","0","1","non_cancer",0,0
"ACGGAGAGTCCAAGTT-1","0","1","non_cancer",0,0
"ACGGCCACATAGACTC-1","0","1","non_cancer",0,0
"ACGTCAAGTTATCCGA-1","0","1","non_cancer",0,0
"ACTGAACCAGCCTGTG-1","1","0","cancer",1,0
"ACTGATGTCAAACAAG-1","0","1","non_cancer",0,0
"ACTGATGTCGATCCCT-1","0","1","non_cancer",0,0
"ACTGCTCCAAACTGCT-1","0","1","non_cancer",0,0
"ACTTTCAAGGTCATCT-1","0.2","0.8","non_cancer",0,0
"AGATTGCCAAGCTGAG-1","0","1","non_cancer",0,0
"AGATTGCCACATGTGT-1","0","1","non_cancer",0,0
"AGCGGTCGTACAGACG-1","0","1","non_cancer",0,0
"AGCGGTCTCGGCGCTA-1","0","1","non_cancer",0,0
"AGGCCACGTAACGTTC-1","0","1","non_cancer",0,0
"AGGTCCGGTTACCAGT-1","0","1","non_cancer",0,0
"ATAAGAGGTAAATACG-1","0","1","non_cancer",0,0
"ATAGACCCATATGAGA-1","0","1","non_cancer",0,0
"ATAGACCGTGTCCTCT-1","0","1","non_cancer",0,0
"ATCATGGAGCGTAATA-1","0","1","non_cancer",0,0
"ATCCGAAAGCTTATCG-1","0","1","non_cancer",0,0
"ATCTACTTCAGCCTAA-1","0","1","non_cancer",0,0
"ATGCGATAGGTGATTA-1","0","1","non_cancer",0,0
"ATGTGTGTCAACGGGA-1","0","1","non_cancer",0,0
"ATTGGTGGTACATCCA-1","0","1","non_cancer",0,0
"CAAGTTGCACTACAGT-1","0","1","non_cancer",0,0
"CACAAACTCCTTGCCA-1","0","1","non_cancer",0,0
"CACAGGCGTCGCGAAA-1","0","1","non_cancer",0,0
"CACAGTACAGGAATGC-1","0.2","0.8","non_cancer",0,0
"CACAGTATCCTCAATT-1","0","1","non_cancer",0,0
"CACTCCATCCAAAGTC-1","0","1","non_cancer",0,0
"CAGAATCGTTGGGACA-1","0","1","non_cancer",0,0
"CAGAATCTCATGTGGT-1","0","1","non_cancer",0,0
"CAGCTAAAGAACTCGG-1","0","1","non_cancer",0,0
"CAGCTGGCAGGAATGC-1","0","1","non_cancer",0,0
"CATATGGTCCGCAGTG-1","0","1","non_cancer",0,0
"CATCCACAGTTCCACA-1","0","1","non_cancer",0,0
"CATCGAATCGTCTGCT-1","0","1","non_cancer",0,0
"CATGACAGTTGGAGGT-1","0","1","non_cancer",0,0
"CATGACATCACGACTA-1","0","1","non_cancer",0,0
"CATGCCTCATCAGTCA-1","0","1","non_cancer",0,0
"CCAATCCTCAGGCAAG-1","0","1","non_cancer",0,0
"CCACGGATCAATAAGG-1","0","1","non_cancer",0,0
"CCAGCGACAAAGTCAA-1","0","1","non_cancer",0,0
"CCGGGATCACTTGGAT-1","0","1","non_cancer",0,0
"CCGTGGAGTTGTCGCG-1","0","1","non_cancer",0,0
"CCTAGCTGTCAGTGGA-1","0","1","non_cancer",0,0
"CCTATTAGTCCCTACT-1","0","1","non_cancer",0,0
"CCTTACGGTTATGTGC-1","0","1","non_cancer",0,0
"CCTTTCTCAAGTCATC-1","0","1","non_cancer",0,0
"CCTTTCTCACCCATGG-1","0","1","non_cancer",0,0
"CGAGCACAGTCACGCC-1","0","1","non_cancer",0,0
"CGAGCACAGTGTGGCA-1","0","1","non_cancer",0,0
"CGATCGGCACCGCTAG-1","0","1","non_cancer",0,0
"CGATGTAAGAAGAAGC-1","0","1","non_cancer",0,0
"CGATGTAAGTGACTCT-1","0","1","non_cancer",0,0
"CGCGGTACACAGTCGC-1","0","1","non_cancer",0,0
"CGCTGGAGTTCCCTTG-1","0","1","non_cancer",0,0
"CGCTTCATCGAGAACG-1","0","1","non_cancer",0,0
"CGGAGTCAGACTAGAT-1","0","1","non_cancer",0,0
"CGGTTAACATTAACCG-1","0","1","non_cancer",0,0
"CGGTTAAGTGCACGAA-1","0","1","non_cancer",0,0
"CGTCACTGTACTTGAC-1","0","1","non_cancer",0,0
"CGTGAGCTCTCTTGAT-1","0","1","non_cancer",0,0
"CTAACTTCAGCTGTTA-1","0","1","non_cancer",0,0
"CTACCCACAAATCCGT-1","0","1","non_cancer",0,0
"CTAGAGTCAGCCTATA-1","0","1","non_cancer",0,0
"CTAGAGTGTACGCACC-1","0","1","non_cancer",0,0
"CTAGTGAAGAGCTGGT-1","0","1","non_cancer",0,0
"CTCGGAGGTGGAAAGA-1","0","1","non_cancer",0,0
"CTCGGAGTCAGTGCAT-1","0","1","non_cancer",0,0
"CTCTAATAGACAATAC-1","0","1","non_cancer",0,0
"CTCTACGAGCTCCCAG-1","0","1","non_cancer",0,0
"CTCTACGCATACAGCT-1","0","1","non_cancer",0,0
"CTGCCTAAGCTGCAAG-1","0","1","non_cancer",0,0
"CTTACCGAGTTGAGAT-1","0","1","non_cancer",0,0
"GAAACTCCAAATCCGT-1","0","1","non_cancer",0,0
"GAACCTATCGTGGTCG-1","0","1","non_cancer",0,0
"GAATGAAGTTACGGAG-1","0","1","non_cancer",0,0
"GAGCAGATCAGAGACG-1","0","1","non_cancer",0,0
"GAGGTGAGTAGCTGCC-1","0","1","non_cancer",0,0
"GATCAGTTCTGTTTGT-1","0","1","non_cancer",0,0
"GATCGCGTCATGTGGT-1","0","1","non_cancer",0,0
"GATCGTATCCGCAGTG-1","0","1","non_cancer",0,0
"GATCTAGTCAAACGGG-1","0","1","non_cancer",0,0
"GCAATCACAGTCAGCC-1","0","1","non_cancer",0,0
"GCAATCATCAATCACG-1","0","1","non_cancer",0,0
"GCAGTTAGTATATGGA-1","0","1","non_cancer",0,0
"GCATGCGAGACGACGT-1","0","1","non_cancer",0,0
"GCCAAATCATGTCTCC-1","0","1","non_cancer",0,0
"GCCTCTATCCACGTTC-1","0.2","0.8","non_cancer",0,0
"GCCTCTATCTCTTATG-1","0","1","non_cancer",0,0
"GCGACCACATGCATGT-1","0","1","non_cancer",0,0
"GCGAGAAGTGAGGCTA-1","0","1","non_cancer",0,0
"GCGCGATAGCATCATC-1","0.8","0.2","cancer",1,0
"GCTGCGACACCATGTA-1","0","1","non_cancer",0,0
"GCTTGAATCATTCACT-1","0","1","non_cancer",0,0
"GGAAAGCTCTCTTATG-1","0","1","non_cancer",0,0
"GGAATAACAATGGAGC-1","0","1","non_cancer",0,0
"GGACAGATCCGTCAAA-1","0","1","non_cancer",0,0
"GGACGTCCAGAGTGTG-1","0","1","non_cancer",0,0
"GGATGTTTCGGAATCT-1","0.2","0.8","non_cancer",0,0
"GGATTACGTACCATCA-1","1","0","cancer",1,0
"GGCAATTCAAGTCATC-1","0","1","non_cancer",0,0
"GGCGTGTGTCGATTGT-1","0","1","non_cancer",0,0
"GGCTCGAGTGAGGGAG-1","0","1","non_cancer",0,0
"GGCTGGTTCACTATTC-1","0","1","non_cancer",0,0
"GGGAATGTCGCATGAT-1","0","1","non_cancer",0,0
"GGGACCTAGTTGAGTA-1","0","1","non_cancer",0,0
"GGGACCTGTACAGTTC-1","0","1","non_cancer",0,0
"GGGATGAGTCTAACGT-1","0","1","non_cancer",0,0
"GGGCATCCACCATCCT-1","0","1","non_cancer",0,0
"GGTGCGTTCATGCATG-1","0","1","non_cancer",0,0
"GTACTCCAGGGAAACA-1","0","1","non_cancer",0,0
"GTCAAGTTCCTACAGA-1","0","1","non_cancer",0,0
"GTCGTAATCTGGAGCC-1","0","1","non_cancer",0,0
"GTCTCGTGTACTCAAC-1","0","1","non_cancer",0,0
"GTGGGTCCAATGTTGC-1","0","1","non_cancer",0,0
"GTTCATTGTTGTCTTT-1","0","1","non_cancer",0,0
"GTTCGGGAGCGATATA-1","0","1","non_cancer",0,0
"GTTTCTAAGCACGCCT-1","0","1","non_cancer",0,0
"TACCTTACAGGATTGG-1","0","1","non_cancer",0,0
"TACGGATCAAGGACTG-1","0","1","non_cancer",0,0
"TACGGTACACGACGAA-1","0","1","non_cancer",0,0
"TACGGTACATCAGTAC-1","0.2","0.8","non_cancer",0,0
"TAGAGCTAGGCTATCT-1","0","1","non_cancer",0,0
"TATCAGGCAAGGCTCC-1","0","1","non_cancer",0,0
"TATCAGGCAGCCTTTC-1","0","1","non_cancer",0,0
"TATTACCGTTCCACGG-1","0","1","non_cancer",0,0
"TCAATCTCAGTCAGCC-1","0","1","non_cancer",0,0
"TCAGATGGTCCCTACT-1","0","1","non_cancer",0,0
"TCAGATGTCATGGTCA-1","0","1","non_cancer",0,0
"TCAGCAACAGTATCTG-1","0","1","non_cancer",0,0
"TCGAGGCAGGCAGGTT-1","0","1","non_cancer",0,0
"TCGAGGCAGGGAACGG-1","0","1","non_cancer",0,0
"TCGGGACTCGGTTAAC-1","0","1","non_cancer",0,0
"TCGTACCCACCACGTG-1","0","1","non_cancer",0,0
"TCTATTGAGAGGGATA-1","0","1","non_cancer",0,0
"TCTCTAATCCGTCATC-1","0","1","non_cancer",0,0
"TCTGAGACATCGGGTC-1","0.2","0.8","non_cancer",0,0
"TCTGGAAAGTCCCACG-1","0","1","non_cancer",0,0
"TCTGGAATCGTTTGCC-1","0","1","non_cancer",0,0
"TCTTTCCGTAGCCTCG-1","0","1","non_cancer",0,0
"TGAGGGATCGCAAGCC-1","0","1","non_cancer",0,0
"TGCACCTGTTTGTTTC-1","0","1","non_cancer",0,0
"TGCCCTACAGACAAAT-1","0.2","0.8","non_cancer",0,0
"TGCCCTAGTATCTGCA-1","0","1","non_cancer",0,0
"TGGCCAGTCTGACCTC-1","0","1","non_cancer",0,0
"TGTGTTTGTCCATGAT-1","0","1","non_cancer",0,0
"TGTTCCGAGTGAATTG-1","0","1","non_cancer",0,0
"TTCGAAGGTACCGTAT-1","0","1","non_cancer",0,0
"TTCGGTCAGTCCTCCT-1","0","1","non_cancer",0,0
"TTCGGTCTCTCTTGAT-1","0.2","0.8","non_cancer",0,0
"TTGACTTTCCAGATCA-1","0","1","non_cancer",0,0
"TTGCGTCTCTAAGCCA-1","0","1","non_cancer",0,0
"TTTCCTCAGAGGTTGC-1","0","1","non_cancer",0,0
"TTTGGTTGTCATACTG-1","0","1","non_cancer",0,0
"AAACCTGAGTCGTTTG-1","0.6","0.4","cancer",1,1
"AAACCTGTCAAACGGG-1","0.8","0.2","cancer",1,1
"AAACGGGGTGGGTATG-1","1","0","cancer",1,1
"AAACGGGTCAAGCCTA-1","1","0","cancer",1,1
"AAACGGGTCCAGGGCT-1","0.8","0.2","cancer",1,1
"AAACGGGTCTGCGACG-1","0.8","0.2","cancer",1,1
"AAAGATGAGCAACGGT-1","0.6","0.4","cancer",1,1
"AAAGATGTCGCAAACT-1","0.8","0.2","cancer",1,1
"AAAGCAAAGAATAGGG-1","0.8","0.2","cancer",1,1
"AAAGCAAAGACCTAGG-1","0.8","0.2","cancer",1,1
"AAAGCAATCAAAGACA-1","0.4","0.6","non_cancer",0,1
"AAAGCAATCAGTGCAT-1","1","0","cancer",1,1
"AAAGCAATCATCGGAT-1","0.8","0.2","cancer",1,1
"AAAGTAGCAATAACGA-1","0.8","0.2","cancer",1,1
"AAAGTAGCATCCTTGC-1","0.8","0.2","cancer",1,1
"AAAGTAGTCTAGAGTC-1","1","0","cancer",1,1
"AAATGCCAGTGAAGTT-1","0.2","0.8","non_cancer",0,1
"AAATGCCGTATGAATG-1","0.8","0.2","cancer",1,1
"AAATGCCGTTTCGCTC-1","0.8","0.2","cancer",1,1
"AACACGTAGAGCTATA-1","0.8","0.2","cancer",1,1
"AACACGTTCATCGGAT-1","0.8","0.2","cancer",1,1
"AACCATGCATTCACTT-1","0.8","0.2","cancer",1,1
"AACCATGGTGTGAAAT-1","1","0","cancer",1,1
"AACCGCGCATAGGATA-1","0.8","0.2","cancer",1,1
"AACGTTGAGGTGACCA-1","0.8","0.2","cancer",1,1
"AACGTTGCACCATGTA-1","0.8","0.2","cancer",1,1
"AACGTTGTCGCAGGCT-1","0","1","non_cancer",0,1
"AACTCAGAGGCAGGTT-1","0.8","0.2","cancer",1,1
"AACTCAGGTACCGCTG-1","0.8","0.2","cancer",1,1
"AACTCAGGTGTTTGGT-1","1","0","cancer",1,1
"AACTCAGTCATAGCAC-1","0.8","0.2","cancer",1,1
"AACTCCCAGCTCCTTC-1","0.8","0.2","cancer",1,1
"AACTCCCCAAACTGCT-1","0.8","0.2","cancer",1,1
"AACTCCCGTCAGCTAT-1","0.8","0.2","cancer",1,1
"AACTCCCTCCGTACAA-1","1","0","cancer",1,1
"AACTCCCTCTCGGACG-1","0.8","0.2","cancer",1,1
"AACTCTTTCTTGTTTG-1","0.6","0.4","cancer",1,1
"AACTGGTCACGAAGCA-1","0.8","0.2","cancer",1,1
"AACTGGTCATTAGCCA-1","1","0","cancer",1,1
"AACTGGTCATTCGACA-1","0.8","0.2","cancer",1,1
"AACTGGTTCCCGACTT-1","1","0","cancer",1,1
"AACTTTCTCGAGAGCA-1","0.6","0.4","cancer",1,1
"AAGACCTCACCGGAAA-1","0.8","0.2","cancer",1,1
"AAGACCTGTCCGCTGA-1","0","1","non_cancer",0,1
"AAGACCTTCAAGGCTT-1","0.8","0.2","cancer",1,1
"AAGACCTTCCTACAGA-1","0.8","0.2","cancer",1,1
"AAGACCTTCTAACTGG-1","0.8","0.2","cancer",1,1
"AAGCCGCAGGAGTACC-1","1","0","cancer",1,1
"AAGCCGCTCACTCTTA-1","1","0","cancer",1,1
"AAGGAGCCACGCGAAA-1","0.4","0.6","non_cancer",0,1
"AAGGAGCTCGACAGCC-1","0.8","0.2","cancer",1,1
"AAGGCAGAGAACAACT-1","1","0","cancer",1,1
"AAGGCAGCACCAGGTC-1","0.4","0.6","non_cancer",0,1
"AAGGCAGGTAGCGCTC-1","1","0","cancer",1,1
"AAGGTTCGTCGAGATG-1","0.8","0.2","cancer",1,1
"AAGGTTCGTGCAGGTA-1","0.8","0.2","cancer",1,1
"AAGGTTCGTTAAGACA-1","1","0","cancer",1,1
"AAGTCTGCACAGATTC-1","1","0","cancer",1,1
"AAGTCTGCAGTACACT-1","0.8","0.2","cancer",1,1
"AATCCAGAGTTTAGGA-1","0.8","0.2","cancer",1,1
"AATCGGTGTACTTGAC-1","1","0","cancer",1,1
"ACACCAAAGATCCCGC-1","0.4","0.6","non_cancer",0,1
"ACACCCTCAAGCCTAT-1","1","0","cancer",1,1
"ACACCCTTCACCCTCA-1","0.8","0.2","cancer",1,1
"ACACCCTTCCTTGCCA-1","1","0","cancer",1,1
"ACACCGGAGACTGTAA-1","1","0","cancer",1,1
"ACACCGGAGCTTCGCG-1","0.8","0.2","cancer",1,1
"ACACCGGGTCTAGGTT-1","0.8","0.2","cancer",1,1
"ACACCGGGTCTCCACT-1","0.8","0.2","cancer",1,1
"ACACTGACAGTACACT-1","1","0","cancer",1,1
"ACAGCCGGTCCGTCAG-1","0.8","0.2","cancer",1,1
"ACAGCTAAGAAACGAG-1","0.8","0.2","cancer",1,1
"ACAGCTACATGCATGT-1","0.8","0.2","cancer",1,1
"ACATACGAGCCACTAT-1","0.8","0.2","cancer",1,1
"ACATACGAGCCCAACC-1","0.8","0.2","cancer",1,1
"ACATCAGGTGACGCCT-1","0.8","0.2","cancer",1,1
"ACATGGTAGACAGGCT-1","0.8","0.2","cancer",1,1
"ACATGGTAGATGAGAG-1","0.8","0.2","cancer",1,1
"ACATGGTCAGTCAGCC-1","0.8","0.2","cancer",1,1
"ACATGGTTCGGAATCT-1","0.8","0.2","cancer",1,1
"ACATGGTTCGTTGACA-1","1","0","cancer",1,1
"ACCAGTATCCAGAGGA-1","0.8","0.2","cancer",1,1
"ACCGTAAAGCACAGGT-1","0.8","0.2","cancer",1,1
"ACCGTAACACCAGTTA-1","1","0","cancer",1,1
"ACCGTAATCAACGGGA-1","0.8","0.2","cancer",1,1
"ACCTTTACATGGAATA-1","1","0","cancer",1,1
"ACCTTTATCCGTCAAA-1","1","0","cancer",1,1
"ACCTTTATCTCGCTTG-1","1","0","cancer",1,1
"ACGAGCCAGTGGTCCC-1","0.4","0.6","non_cancer",0,1
"ACGAGCCCAAGTAATG-1","0.8","0.2","cancer",1,1
"ACGAGCCGTCCGAAGA-1","0.8","0.2","cancer",1,1
"ACGAGCCTCCAAGCCG-1","1","0","cancer",1,1
"ACGAGGACAAGACGTG-1","0.8","0.2","cancer",1,1
"ACGAGGAGTTGGGACA-1","0.8","0.2","cancer",1,1
"ACGATACGTAGCTTGT-1","1","0","cancer",1,1
"ACGATGTAGCTACCGC-1","0.8","0.2","cancer",1,1
"ACGATGTCATGCCTAA-1","0.8","0.2","cancer",1,1
"ACGATGTGTCCAAGTT-1","0.8","0.2","cancer",1,1
"ACGCAGCGTGTTCTTT-1","0.8","0.2","cancer",1,1
"ACGCAGCTCTACTCAT-1","0.8","0.2","cancer",1,1
"ACGCCAGAGGGTGTGT-1","0.8","0.2","cancer",1,1
"ACGCCAGGTACTCTCC-1","1","0","cancer",1,1
"ACGGAGATCTGTTTGT-1","0.8","0.2","cancer",1,1
"ACGGCCAGTTCACGGC-1","0.8","0.2","cancer",1,1
"ACGGGCTCATCTCCCA-1","0.6","0.4","cancer",1,1
"ACGGGCTTCAGCTGGC-1","0.8","0.2","cancer",1,1
"ACGGGTCGTCCGCTGA-1","0.8","0.2","cancer",1,1
"ACGGGTCGTCCTGCTT-1","1","0","cancer",1,1
"ACGGGTCTCGCCCTTA-1","0.8","0.2","cancer",1,1
"ACGTCAACACATCCGG-1","1","0","cancer",1,1
"ACGTCAACACGGTAAG-1","0.8","0.2","cancer",1,1
"ACGTCAATCCTATTCA-1","1","0","cancer",1,1
"ACTGATGGTGACGGTA-1","0.8","0.2","cancer",1,1
"ACTGCTCCATTGCGGC-1","0.8","0.2","cancer",1,1
"ACTGCTCGTGCCTGTG-1","0.8","0.2","cancer",1,1
"ACTGTCCCAGTGACAG-1","0.6","0.4","cancer",1,1
"ACTTACTAGGCACATG-1","0.8","0.2","cancer",1,1
"ACTTACTGTATCTGCA-1","0.8","0.2","cancer",1,1
"ACTTGTTAGCTCCCAG-1","0.8","0.2","cancer",1,1
"ACTTGTTAGTAGTGCG-1","0.8","0.2","cancer",1,1
"ACTTTCATCTGAGGGA-1","1","0","cancer",1,1
"ACTTTCATCTTCTGGC-1","1","0","cancer",1,1
"AGAATAGAGTCCTCCT-1","0.8","0.2","cancer",1,1
"AGAATAGCAGCGTTCG-1","0.8","0.2","cancer",1,1
"AGACGTTAGAGACGAA-1","0.8","0.2","cancer",1,1
"AGACGTTCAATAAGCA-1","1","0","cancer",1,1
"AGACGTTCACATCTTT-1","0.8","0.2","cancer",1,1
"AGACGTTGTAGTGAAT-1","0.8","0.2","cancer",1,1
"AGACGTTTCCTTAATC-1","1","0","cancer",1,1
"AGACGTTTCTCTTATG-1","1","0","cancer",1,1
"AGAGCGAAGCGTTGCC-1","1","0","cancer",1,1
"AGAGCGAGTGGGTCAA-1","0.8","0.2","cancer",1,1
"AGAGCGATCCAGTAGT-1","0.8","0.2","cancer",1,1
"AGAGCGATCTGTCAAG-1","0.8","0.2","cancer",1,1
"AGAGCTTTCGGAGGTA-1","1","0","cancer",1,1
"AGAGTGGAGATAGGAG-1","0","1","non_cancer",0,1
"AGAGTGGCAAACCTAC-1","0.8","0.2","cancer",1,1
"AGAGTGGGTGAAGGCT-1","0.8","0.2","cancer",1,1
"AGATCTGCATTTCAGG-1","1","0","cancer",1,1
"AGATCTGGTGTGGCTC-1","0.8","0.2","cancer",1,1
"AGATTGCAGAGTAATC-1","0.6","0.4","cancer",1,1
"AGCAGCCAGCATCATC-1","0.4","0.6","non_cancer",0,1
"AGCAGCCAGGAGTTTA-1","0.8","0.2","cancer",1,1
"AGCATACCATCAGTCA-1","1","0","cancer",1,1
"AGCATACTCTGCCCTA-1","0.8","0.2","cancer",1,1
"AGCCTAAAGCATGGCA-1","0.8","0.2","cancer",1,1
"AGCCTAACAAGTTCTG-1","0.8","0.2","cancer",1,1
"AGCCTAAGTACATCCA-1","0","1","non_cancer",0,1
"AGCCTAATCGGCTACG-1","0.8","0.2","cancer",1,1
"AGCCTAATCTTCCTTC-1","0.8","0.2","cancer",1,1
"AGCGGTCCAGTCCTTC-1","0.8","0.2","cancer",1,1
"AGCGTATCACAAGACG-1","0.6","0.4","cancer",1,1
"AGCGTATGTCTTCTCG-1","0.8","0.2","cancer",1,1
"AGCGTCGAGCCGATTT-1","0","1","non_cancer",0,1
"AGCGTCGGTCCGAAGA-1","0.8","0.2","cancer",1,1
"AGCTCCTAGCGATAGC-1","0.8","0.2","cancer",1,1
"AGCTCCTAGCTAGGCA-1","0.6","0.4","cancer",1,1
"AGCTCCTGTACAGTGG-1","0.8","0.2","cancer",1,1
"AGCTCCTTCATGTAGC-1","0.6","0.4","cancer",1,1
"AGCTCCTTCGAGCCCA-1","1","0","cancer",1,1
"AGCTTGACACTGTCGG-1","0.6","0.4","cancer",1,1
"AGGCCACTCGAACGGA-1","0.8","0.2","cancer",1,1
"AGGCCACTCTCTGAGA-1","1","0","cancer",1,1
"AGGCCGTAGATGTAAC-1","0.8","0.2","cancer",1,1
"AGGCCGTAGGTAAACT-1","0.2","0.8","non_cancer",0,1
"AGGCCGTTCCGCATCT-1","1","0","cancer",1,1
"AGGCCGTTCCGTACAA-1","1","0","cancer",1,1
"AGGGAGTAGCCTCGTG-1","0.8","0.2","cancer",1,1
"AGGGAGTTCTCATTCA-1","0.8","0.2","cancer",1,1
"AGGGATGCAGTTTACG-1","0.8","0.2","cancer",1,1
"AGGGTGAGTAGAAGGA-1","0.8","0.2","cancer",1,1
"AGGGTGATCCTTAATC-1","0.8","0.2","cancer",1,1
"AGGGTGATCGAACGGA-1","0.6","0.4","cancer",1,1
"AGGTCATAGAGGTAGA-1","0.8","0.2","cancer",1,1
"AGGTCATTCACATAGC-1","1","0","cancer",1,1
"AGGTCCGAGAGGTAGA-1","1","0","cancer",1,1
"AGTAGTCGTATTAGCC-1","0.6","0.4","cancer",1,1
"AGTAGTCTCCTTGACC-1","0.8","0.2","cancer",1,1
"AGTCTTTGTCTAGCCG-1","1","0","cancer",1,1
"AGTCTTTTCAGCACAT-1","0","1","non_cancer",0,1
"AGTCTTTTCGTACGGC-1","0.8","0.2","cancer",1,1
"AGTGAGGAGTACGTAA-1","1","0","cancer",1,1
"AGTGGGACAAGCCTAT-1","0.8","0.2","cancer",1,1
"AGTGGGACACAGTCGC-1","0.8","0.2","cancer",1,1
"AGTGGGACAGTCGATT-1","1","0","cancer",1,1
"AGTGGGAGTTCACCTC-1","1","0","cancer",1,1
"AGTGGGATCAGTGCAT-1","0.8","0.2","cancer",1,1
"AGTGTCATCACTTCAT-1","0","1","non_cancer",0,1
"AGTGTCATCTTATCTG-1","0.8","0.2","cancer",1,1
"AGTTGGTCATACTACG-1","1","0","cancer",1,1
"AGTTGGTTCGTATCAG-1","1","0","cancer",1,1
"ATAACGCCAATGAATG-1","0.8","0.2","cancer",1,1
"ATAACGCCACAAGCCC-1","0.8","0.2","cancer",1,1
"ATAACGCTCACCTCGT-1","0.8","0.2","cancer",1,1
"ATAACGCTCACTATTC-1","1","0","cancer",1,1
"ATAAGAGAGTGGGCTA-1","1","0","cancer",1,1
"ATAAGAGCAATCTGCA-1","0.6","0.4","cancer",1,1
"ATAAGAGCACTTAACG-1","0.2","0.8","non_cancer",0,1
"ATAAGAGTCACTCTTA-1","1","0","cancer",1,1
"ATAAGAGTCCTAGGGC-1","0.4","0.6","non_cancer",0,1
"ATAGACCCACGTTGGC-1","0.8","0.2","cancer",1,1
"ATCACGAAGACCTAGG-1","0.8","0.2","cancer",1,1
"ATCACGAAGATGCCAG-1","0.8","0.2","cancer",1,1
"ATCACGAAGTGTTAGA-1","0.6","0.4","cancer",1,1
"ATCACGACATCGATGT-1","0.8","0.2","cancer",1,1
"ATCACGAGTCTCAACA-1","0.8","0.2","cancer",1,1
"ATCATCTAGGACCACA-1","1","0","cancer",1,1
"ATCATCTAGGGCACTA-1","0.8","0.2","cancer",1,1
"ATCATCTAGTACACCT-1","0.8","0.2","cancer",1,1
"ATCATCTCAGCGAACA-1","0.8","0.2","cancer",1,1
"ATCATCTGTCGCGTGT-1","1","0","cancer",1,1
"ATCATCTGTCTGATCA-1","0.8","0.2","cancer",1,1
"ATCATGGCAGGAACGT-1","0.6","0.4","cancer",1,1
"ATCATGGTCACATGCA-1","0.8","0.2","cancer",1,1
"ATCATGGTCTTAGCCC-1","0.8","0.2","cancer",1,1
"ATCCACCAGGTCATCT-1","1","0","cancer",1,1
"ATCCACCCATCGGAAG-1","1","0","cancer",1,1
"ATCCGAAAGAGATGAG-1","0.8","0.2","cancer",1,1
"ATCCGAAGTGGACGAT-1","1","0","cancer",1,1
"ATCGAGTAGACATAAC-1","0.8","0.2","cancer",1,1
"ATCGAGTCACAAGACG-1","0.8","0.2","cancer",1,1
"ATCTGCCGTCAACTGT-1","0.8","0.2","cancer",1,1
"ATGAGGGAGGACACCA-1","0.8","0.2","cancer",1,1
"ATGAGGGAGGCACATG-1","0.8","0.2","cancer",1,1
"ATGAGGGCACCTTGTC-1","1","0","cancer",1,1
"ATGCGATAGGGCTTCC-1","0.8","0.2","cancer",1,1
"ATGCGATCAATGTAAG-1","0.8","0.2","cancer",1,1
"ATGCGATCATCTGGTA-1","0.8","0.2","cancer",1,1
"ATGCGATGTTACAGAA-1","0.8","0.2","cancer",1,1
"ATGCGATTCCAAGTAC-1","0.8","0.2","cancer",1,1
"ATGGGAGCATCGGACC-1","1","0","cancer",1,1
"ATGTGTGGTTCCACTC-1","1","0","cancer",1,1
"ATGTGTGTCAACGGCC-1","1","0","cancer",1,1
"ATTACTCCAACTGGCC-1","0.8","0.2","cancer",1,1
"ATTACTCCAAGAAAGG-1","0.8","0.2","cancer",1,1
"ATTATCCCACCCTATC-1","0.6","0.4","cancer",1,1
"ATTATCCGTAAACGCG-1","0.8","0.2","cancer",1,1
"ATTCTACCAGGTCGTC-1","0.6","0.4","cancer",1,1
"ATTGGACAGAGACGAA-1","0.8","0.2","cancer",1,1
"ATTGGACGTGGCGAAT-1","0.8","0.2","cancer",1,1
"ATTGGTGAGTCCTCCT-1","0.8","0.2","cancer",1,1
"ATTTCTGAGCATGGCA-1","0.8","0.2","cancer",1,1
"ATTTCTGCATCATCCC-1","0.8","0.2","cancer",1,1
"CAACCTCAGTGGGTTG-1","0.4","0.6","non_cancer",0,1
"CAACCTCCACCTTGTC-1","0.8","0.2","cancer",1,1
"CAACCTCCACTTGGAT-1","0.8","0.2","cancer",1,1
"CAACCTCCATGCATGT-1","0.8","0.2","cancer",1,1
"CAACCTCGTTATGTGC-1","0.8","0.2","cancer",1,1
"CAACCTCTCGAATGGG-1","1","0","cancer",1,1
"CAACTAGCAAGGACTG-1","0.4","0.6","non_cancer",0,1
"CAAGAAAAGATACACA-1","0.8","0.2","cancer",1,1
"CAAGAAAAGTACGACG-1","0.6","0.4","cancer",1,1
"CAAGAAACACTCTGTC-1","0.8","0.2","cancer",1,1
"CAAGATCGTCGGCATC-1","0.8","0.2","cancer",1,1
"CAAGTTGGTCCCTTGT-1","1","0","cancer",1,1
"CAAGTTGGTTCCACTC-1","0.8","0.2","cancer",1,1
"CACACAAGTGCACGAA-1","0.4","0.6","non_cancer",0,1
"CACACCTGTCGCATAT-1","0.8","0.2","cancer",1,1
"CACACTCTCGGAGCAA-1","0.8","0.2","cancer",1,1
"CACAGGCCACTCGACG-1","1","0","cancer",1,1
"CACAGGCCATGAAGTA-1","0.8","0.2","cancer",1,1
"CACAGGCGTCTCCACT-1","0.8","0.2","cancer",1,1
"CACAGTACAAGGACTG-1","1","0","cancer",1,1
"CACAGTATCATATCGG-1","1","0","cancer",1,1
"CACATAGAGTGTTGAA-1","0.8","0.2","cancer",1,1
"CACATAGTCCACTCCA-1","1","0","cancer",1,1
"CACATAGTCCAGGGCT-1","0.8","0.2","cancer",1,1
"CACATAGTCCCTTGTG-1","1","0","cancer",1,1
"CACATTTAGGAGTTGC-1","0.8","0.2","cancer",1,1
"CACCACTCAAAGAATC-1","0.8","0.2","cancer",1,1
"CACCACTCAGGGATTG-1","0.8","0.2","cancer",1,1
"CACCACTGTCTAAAGA-1","0.8","0.2","cancer",1,1
"CACCAGGAGATCCCGC-1","0.8","0.2","cancer",1,1
"CACCAGGAGCAGCCTC-1","1","0","cancer",1,1
"CACCTTGAGACGACGT-1","0.6","0.4","cancer",1,1
"CACCTTGTCACGCATA-1","0.8","0.2","cancer",1,1
"CACTCCAAGCCAGTTT-1","0.8","0.2","cancer",1,1
"CACTCCATCTCCCTGA-1","0.8","0.2","cancer",1,1
"CAGAATCGTCCCTACT-1","0.8","0.2","cancer",1,1
"CAGAATCGTCGACTGC-1","0.8","0.2","cancer",1,1
"CAGAATCTCATATCGG-1","1","0","cancer",1,1
"CAGAATCTCCAAGCCG-1","0.8","0.2","cancer",1,1
"CAGAATCTCGTTACAG-1","0.8","0.2","cancer",1,1
"CAGAGAGGTAGCACGA-1","0.8","0.2","cancer",1,1
"CAGAGAGTCATCATTC-1","1","0","cancer",1,1
"CAGAGAGTCTACTCAT-1","0","1","non_cancer",0,1
"CAGATCAAGCCCTAAT-1","0.8","0.2","cancer",1,1
"CAGATCAAGCTTATCG-1","1","0","cancer",1,1
"CAGATCACATAAAGGT-1","0","1","non_cancer",0,1
"CAGATCAGTCTAGGTT-1","1","0","cancer",1,1
"CAGATCAGTGTATGGG-1","0.8","0.2","cancer",1,1
"CAGCAGCTCGAATCCA-1","1","0","cancer",1,1
"CAGCCGAAGGACCACA-1","0.8","0.2","cancer",1,1
"CAGCCGACACCACCAG-1","0.6","0.4","cancer",1,1
"CAGCCGATCCATGAAC-1","0.8","0.2","cancer",1,1
"CAGCCGATCTGGAGCC-1","1","0","cancer",1,1
"CAGCGACTCCGCGCAA-1","0.8","0.2","cancer",1,1
"CAGCTGGAGGGTATCG-1","0.8","0.2","cancer",1,1
"CAGCTGGTCGGTCTAA-1","0.8","0.2","cancer",1,1
"CAGGTGCGTAGAGGAA-1","0.8","0.2","cancer",1,1
"CAGGTGCGTATAGGTA-1","0.8","0.2","cancer",1,1
"CAGGTGCTCAGGCCCA-1","0.8","0.2","cancer",1,1
"CAGGTGCTCTGGTGTA-1","0.8","0.2","cancer",1,1
"CAGGTGCTCTTGGGTA-1","0.8","0.2","cancer",1,1
"CAGTAACCAAGTTGTC-1","1","0","cancer",1,1
"CAGTAACTCAGGCAAG-1","0","1","non_cancer",0,1
"CAGTAACTCCGGGTGT-1","0","1","non_cancer",0,1
"CAGTAACTCCTTTACA-1","0.2","0.8","non_cancer",0,1
"CAGTCCTCAATGTTGC-1","0.6","0.4","cancer",1,1
"CAGTCCTCAGCTTCGG-1","0.8","0.2","cancer",1,1
"CAGTCCTTCAGTTAGC-1","0.8","0.2","cancer",1,1
"CATATGGAGAGACTTA-1","1","0","cancer",1,1
"CATATGGAGTCCAGGA-1","1","0","cancer",1,1
"CATATGGCAGCTGTAT-1","1","0","cancer",1,1
"CATATGGGTCTGATCA-1","0.8","0.2","cancer",1,1
"CATATGGGTGAGTATA-1","1","0","cancer",1,1
"CATATTCGTCAGCTAT-1","0.6","0.4","cancer",1,1
"CATATTCTCTCTAAGG-1","0.8","0.2","cancer",1,1
"CATCAAGTCGCTAGCG-1","0.6","0.4","cancer",1,1
"CATCAGAAGTAGCGGT-1","1","0","cancer",1,1
"CATCCACAGCAATATG-1","0.8","0.2","cancer",1,1
"CATCGGGCAACCGCCA-1","1","0","cancer",1,1
"CATCGGGCAGACACTT-1","0","1","non_cancer",0,1
"CATCGGGTCAGTGTTG-1","0.8","0.2","cancer",1,1
"CATGACATCAGGCCCA-1","1","0","cancer",1,1
"CATGCCTAGTGTGAAT-1","0.6","0.4","cancer",1,1
"CATGCCTCAGCGAACA-1","0.4","0.6","non_cancer",0,1
"CATGCCTCAGTAAGAT-1","1","0","cancer",1,1
"CATGCCTCATCGACGC-1","0.8","0.2","cancer",1,1
"CATGGCGAGCTAACTC-1","1","0","cancer",1,1
"CATGGCGTCCGATATG-1","1","0","cancer",1,1
"CATGGCGTCCGCATAA-1","0","1","non_cancer",0,1
"CATTATCCACAACGCC-1","0.8","0.2","cancer",1,1
"CATTATCGTACACCGC-1","1","0","cancer",1,1
"CATTCGCCATATACGC-1","0.8","0.2","cancer",1,1
"CCAATCCAGGAGCGTT-1","0.6","0.4","cancer",1,1
"CCAATCCAGTTAAGTG-1","1","0","cancer",1,1
"CCAATCCCAATGAAAC-1","0.8","0.2","cancer",1,1
"CCAATCCTCCGTTGCT-1","0.8","0.2","cancer",1,1
"CCACCTACAGAGCCAA-1","0.8","0.2","cancer",1,1
"CCACCTATCATCGATG-1","0.8","0.2","cancer",1,1
"CCACGGAAGCGAGAAA-1","1","0","cancer",1,1
"CCACGGACACAGGCCT-1","0.8","0.2","cancer",1,1
"CCACTACCAAACAACA-1","0","1","non_cancer",0,1
"CCACTACGTACAAGTA-1","0.8","0.2","cancer",1,1
"CCACTACGTGCTAGCC-1","0.8","0.2","cancer",1,1
"CCACTACGTTACGACT-1","0.8","0.2","cancer",1,1
"CCACTACGTTGAGGTG-1","0.8","0.2","cancer",1,1
"CCAGCGATCGGAAACG-1","0.8","0.2","cancer",1,1
"CCATGTCAGGTGCACA-1","1","0","cancer",1,1
"CCATGTCAGTACTTGC-1","1","0","cancer",1,1
"CCCAATCCAAGACACG-1","1","0","cancer",1,1
"CCCAATCCATCAGTAC-1","1","0","cancer",1,1
"CCCAATCGTCTAGTCA-1","1","0","cancer",1,1
"CCCAATCTCGGGAGTA-1","0.8","0.2","cancer",1,1
"CCCAATCTCTGTCTAT-1","0.8","0.2","cancer",1,1
"CCCAGTTAGCTAGTCT-1","1","0","cancer",1,1
"CCCAGTTCATCGATTG-1","1","0","cancer",1,1
"CCCAGTTTCGCGCCAA-1","0.8","0.2","cancer",1,1
"CCCAGTTTCTGTTTGT-1","0.8","0.2","cancer",1,1
"CCCATACTCAACGGGA-1","0.8","0.2","cancer",1,1
"CCCTCCTCATGCATGT-1","0.8","0.2","cancer",1,1
"CCCTCCTGTGCAGACA-1","0.8","0.2","cancer",1,1
"CCCTCCTTCATGTAGC-1","1","0","cancer",1,1
"CCCTCCTTCCGGCACA-1","0.8","0.2","cancer",1,1
"CCCTCCTTCCTCATTA-1","1","0","cancer",1,1
"CCGGGATGTCCAACTA-1","0","1","non_cancer",0,1
"CCGGGATTCACTCTTA-1","0.8","0.2","cancer",1,1
"CCGGGATTCGCAGGCT-1","0.8","0.2","cancer",1,1
"CCGGTAGTCCGTCATC-1","0","1","non_cancer",0,1
"CCGTACTAGCTGCGAA-1","0.8","0.2","cancer",1,1
"CCGTACTAGGGAGTAA-1","0.8","0.2","cancer",1,1
"CCGTGGAAGCCGCCTA-1","0.8","0.2","cancer",1,1
"CCGTGGAAGTTCGATC-1","1","0","cancer",1,1
"CCGTGGACAATCCAAC-1","0.8","0.2","cancer",1,1
"CCGTGGAGTCTAAAGA-1","0.6","0.4","cancer",1,1
"CCGTTCAAGGAATCGC-1","0.8","0.2","cancer",1,1
"CCGTTCACACTCGACG-1","0.8","0.2","cancer",1,1
"CCGTTCAGTGATAAGT-1","1","0","cancer",1,1
"CCGTTCAGTTTCGCTC-1","1","0","cancer",1,1
"CCGTTCATCACCTCGT-1","1","0","cancer",1,1
"CCTAAAGAGTATCGAA-1","0.8","0.2","cancer",1,1
"CCTAAAGCAATGGAAT-1","1","0","cancer",1,1
"CCTAAAGCACCGTTGG-1","0.8","0.2","cancer",1,1
"CCTAAAGCACTTCTGC-1","0.8","0.2","cancer",1,1
"CCTAAAGCATCCAACA-1","0.8","0.2","cancer",1,1
"CCTAAAGGTCAGAAGC-1","0.8","0.2","cancer",1,1
"CCTACACAGGAGTTTA-1","0.8","0.2","cancer",1,1
"CCTACACAGGGATCTG-1","0.8","0.2","cancer",1,1
"CCTACACGTTGTACAC-1","0.6","0.4","cancer",1,1
"CCTACCAAGTCCGGTC-1","1","0","cancer",1,1
"CCTACCATCCTAGGGC-1","0.8","0.2","cancer",1,1
"CCTAGCTCAGCGTTCG-1","0.8","0.2","cancer",1,1
"CCTAGCTGTACGAAAT-1","0.8","0.2","cancer",1,1
"CCTAGCTTCCATGAAC-1","1","0","cancer",1,1
"CCTATTACAGAGCCAA-1","1","0","cancer",1,1
"CCTATTACATAACCTG-1","0.8","0.2","cancer",1,1
"CCTCAGTCAAAGAATC-1","0.8","0.2","cancer",1,1
"CCTCAGTGTCTGATTG-1","0.8","0.2","cancer",1,1
"CCTCTGACAAGGGTCA-1","0.8","0.2","cancer",1,1
"CCTCTGACACCACGTG-1","0.8","0.2","cancer",1,1
"CCTCTGAGTACCATCA-1","0.8","0.2","cancer",1,1
"CCTCTGAGTGAGGGTT-1","0.8","0.2","cancer",1,1
"CCTCTGATCAACCATG-1","0.8","0.2","cancer",1,1
"CCTTACGAGACGACGT-1","0.8","0.2","cancer",1,1
"CCTTACGCAAGCCCAC-1","0.8","0.2","cancer",1,1
"CCTTACGGTAGAGGAA-1","1","0","cancer",1,1
"CCTTACGGTAGGCATG-1","1","0","cancer",1,1
"CCTTCGAAGATGTAAC-1","1","0","cancer",1,1
"CCTTCGATCTGCTGCT-1","0.8","0.2","cancer",1,1
"CCTTCGATCTTCGGTC-1","0.8","0.2","cancer",1,1
"CCTTTCTGTATTCGTG-1","0.8","0.2","cancer",1,1
"CGAACATCAGCTATTG-1","1","0","cancer",1,1
"CGAATGTAGATATGGT-1","0.8","0.2","cancer",1,1
"CGAATGTAGTGCTGCC-1","0.8","0.2","cancer",1,1
"CGACCTTAGCAGACTG-1","0.8","0.2","cancer",1,1
"CGACCTTCAGTTAACC-1","0.8","0.2","cancer",1,1
"CGACCTTCATTCCTCG-1","0.8","0.2","cancer",1,1
"CGAGAAGAGGGTCGAT-1","0.8","0.2","cancer",1,1
"CGAGAAGCAAGCTGTT-1","0.8","0.2","cancer",1,1
"CGAGAAGTCTGAGGGA-1","0.8","0.2","cancer",1,1
"CGAGCCAAGCAGCGTA-1","0.8","0.2","cancer",1,1
"CGAGCCAAGTGTGAAT-1","1","0","cancer",1,1
"CGAGCCATCATAGCAC-1","0.8","0.2","cancer",1,1
"CGATCGGAGAAACCAT-1","0.8","0.2","cancer",1,1
"CGATCGGCACAGACTT-1","1","0","cancer",1,1
"CGATCGGCAGGGAGAG-1","0.8","0.2","cancer",1,1
"CGATCGGGTCGCGTGT-1","0.8","0.2","cancer",1,1
"CGATCGGTCCTCATTA-1","0.6","0.4","cancer",1,1
"CGATGGCAGGTGCTTT-1","0.8","0.2","cancer",1,1
"CGATGGCAGTGACATA-1","0.4","0.6","non_cancer",0,1
"CGATGGCCAGGACGTA-1","0.8","0.2","cancer",1,1
"CGATGGCTCTGAGGGA-1","0.8","0.2","cancer",1,1
"CGATGTAAGCTATGCT-1","0.8","0.2","cancer",1,1
"CGATTGAAGAGAACAG-1","1","0","cancer",1,1
"CGATTGACACGAGGTA-1","0.8","0.2","cancer",1,1
"CGATTGACAGACAAGC-1","1","0","cancer",1,1
"CGATTGATCAACACCA-1","0.8","0.2","cancer",1,1
"CGCCAAGTCCCTAATT-1","0.8","0.2","cancer",1,1
"CGCGGTACATGAACCT-1","0.4","0.6","non_cancer",0,1
"CGCGTTTTCCCTCTTT-1","0.8","0.2","cancer",1,1
"CGCTATCCAATGTAAG-1","0.8","0.2","cancer",1,1
"CGCTATCGTAAGAGGA-1","1","0","cancer",1,1
"CGCTATCGTTCTCATT-1","1","0","cancer",1,1
"CGCTGGAGTCTAACGT-1","0.8","0.2","cancer",1,1
"CGCTTCATCCGTACAA-1","0.8","0.2","cancer",1,1
"CGGACACTCGCGGATC-1","0.8","0.2","cancer",1,1
"CGGACGTGTGCAACGA-1","0.8","0.2","cancer",1,1
"CGGACTGGTAGCCTCG-1","1","0","cancer",1,1
"CGGAGCTCAATACGCT-1","0.8","0.2","cancer",1,1
"CGGAGCTCACAGAGGT-1","0.8","0.2","cancer",1,1
"CGGAGCTCATGGTTGT-1","1","0","cancer",1,1
"CGGAGTCAGTCGCCGT-1","0.8","0.2","cancer",1,1
"CGGAGTCCAACTGCTA-1","0.8","0.2","cancer",1,1
"CGGAGTCCAAGGTGTG-1","0.8","0.2","cancer",1,1
"CGGAGTCGTAGTAGTA-1","0.8","0.2","cancer",1,1
"CGGAGTCGTGTTGGGA-1","1","0","cancer",1,1
"CGGAGTCGTTCTCATT-1","0.8","0.2","cancer",1,1
"CGGCTAGAGCGATATA-1","0.8","0.2","cancer",1,1
"CGGGTCATCAACACGT-1","0","1","non_cancer",0,1
"CGGTTAAAGTGACATA-1","1","0","cancer",1,1
"CGTAGCGAGTAGCGGT-1","0","1","non_cancer",0,1
"CGTAGCGAGTCATGCT-1","0.2","0.8","non_cancer",0,1
"CGTAGCGGTTGTCGCG-1","0.8","0.2","cancer",1,1
"CGTAGGCAGCCGATTT-1","0.8","0.2","cancer",1,1
"CGTCACTAGCCTATGT-1","0.8","0.2","cancer",1,1
"CGTCACTAGGTGTTAA-1","0.6","0.4","cancer",1,1
"CGTCACTAGTACATGA-1","0.8","0.2","cancer",1,1
"CGTCACTTCTTAACCT-1","0.8","0.2","cancer",1,1
"CGTCAGGAGTGAACAT-1","0.8","0.2","cancer",1,1
"CGTCAGGCAAATACAG-1","0.4","0.6","non_cancer",0,1
"CGTCAGGTCCCAAGTA-1","0.8","0.2","cancer",1,1
"CGTCAGGTCTTCTGGC-1","0.8","0.2","cancer",1,1
"CGTCTACAGGACCACA-1","1","0","cancer",1,1
"CGTCTACTCCTCTAGC-1","1","0","cancer",1,1
"CGTGAGCCAAACTGCT-1","0.8","0.2","cancer",1,1
"CGTGAGCGTTCGTGAT-1","0.8","0.2","cancer",1,1
"CGTGTAACACCTGGTG-1","0.8","0.2","cancer",1,1
"CGTGTAAGTTTCCACC-1","0.8","0.2","cancer",1,1
"CGTGTCTAGACTGGGT-1","1","0","cancer",1,1
"CGTGTCTTCAAGATCC-1","0.8","0.2","cancer",1,1
"CGTTCTGAGAATTGTG-1","1","0","cancer",1,1
"CGTTCTGCATGCCACG-1","0.8","0.2","cancer",1,1
"CGTTGGGAGCGTGTCC-1","0.8","0.2","cancer",1,1
"CGTTGGGCACATCCGG-1","0.8","0.2","cancer",1,1
"CTAACTTGTCGCCATG-1","0.8","0.2","cancer",1,1
"CTAACTTTCACATGCA-1","0.8","0.2","cancer",1,1
"CTAACTTTCCAGTATG-1","0.8","0.2","cancer",1,1
"CTAAGACCAAGCTGGA-1","0.8","0.2","cancer",1,1
"CTAAGACTCAGTCCCT-1","0.2","0.8","non_cancer",0,1
"CTAATGGTCACAATGC-1","1","0","cancer",1,1
"CTACACCTCGTCACGG-1","0.2","0.8","non_cancer",0,1
"CTACATTAGATTACCC-1","0.8","0.2","cancer",1,1
"CTACCCAAGTCTCGGC-1","0.6","0.4","cancer",1,1
"CTACCCAGTATAAACG-1","0.8","0.2","cancer",1,1
"CTACCCAGTTCCGTCT-1","0.8","0.2","cancer",1,1
"CTACCCATCAGTGTTG-1","1","0","cancer",1,1
"CTACGTCAGGGAGTAA-1","0.8","0.2","cancer",1,1
"CTACGTCGTATAGGTA-1","0.8","0.2","cancer",1,1
"CTACGTCGTTAAGAAC-1","0.8","0.2","cancer",1,1
"CTACGTCTCTCGTATT-1","1","0","cancer",1,1
"CTAGAGTCAAGCGTAG-1","0.8","0.2","cancer",1,1
"CTAGAGTCATCACCCT-1","1","0","cancer",1,1
"CTAGAGTTCCAACCAA-1","0.8","0.2","cancer",1,1
"CTAGCCTCATAGGATA-1","1","0","cancer",1,1
"CTAGTGAAGCCACTAT-1","0.8","0.2","cancer",1,1
"CTAGTGAAGCGACGTA-1","0.8","0.2","cancer",1,1
"CTAGTGACAGGGCATA-1","0.8","0.2","cancer",1,1
"CTCACACAGCCAGTTT-1","0.8","0.2","cancer",1,1
"CTCACACAGGTGATAT-1","0.2","0.8","non_cancer",0,1
"CTCACACAGTGAATTG-1","0.6","0.4","cancer",1,1
"CTCACACCATTGAGCT-1","1","0","cancer",1,1
"CTCACACGTGTCAATC-1","0.8","0.2","cancer",1,1
"CTCACACTCTCGAGTA-1","0.8","0.2","cancer",1,1
"CTCAGAAAGGTCATCT-1","0.8","0.2","cancer",1,1
"CTCAGAATCTTCAACT-1","1","0","cancer",1,1
"CTCATTACAGACTCGC-1","0.8","0.2","cancer",1,1
"CTCATTACATATGCTG-1","0.8","0.2","cancer",1,1
"CTCATTAGTCCAGTAT-1","0.8","0.2","cancer",1,1
"CTCATTATCCCAAGTA-1","0.8","0.2","cancer",1,1
"CTCATTATCGCAAGCC-1","0.8","0.2","cancer",1,1
"CTCCTAGAGAACTCGG-1","0.8","0.2","cancer",1,1
"CTCCTAGAGTGTCCCG-1","1","0","cancer",1,1
"CTCGAGGGTTGGGACA-1","0.8","0.2","cancer",1,1
"CTCGAGGTCCATGCTC-1","0.4","0.6","non_cancer",0,1
"CTCGAGGTCCTCAACC-1","0.8","0.2","cancer",1,1
"CTCGGAGCATTGGGCC-1","0.8","0.2","cancer",1,1
"CTCGGAGTCTGCTTGC-1","0.8","0.2","cancer",1,1
"CTCGGGAGTCCGTGAC-1","0.8","0.2","cancer",1,1
"CTCGGGAGTCTCCACT-1","0.8","0.2","cancer",1,1
"CTCGGGAGTTTACTCT-1","0.6","0.4","cancer",1,1
"CTCGGGATCTCTGAGA-1","0.8","0.2","cancer",1,1
"CTCGTACAGAAGGTTT-1","0.4","0.6","non_cancer",0,1
"CTCGTACGTGAGCGAT-1","1","0","cancer",1,1
"CTCGTACTCAAACGGG-1","1","0","cancer",1,1
"CTCGTCAAGATAGCAT-1","1","0","cancer",1,1
"CTCGTCACAGCATACT-1","1","0","cancer",1,1
"CTCGTCACAGTCAGCC-1","0.8","0.2","cancer",1,1
"CTCTAATCAGCATGAG-1","0.8","0.2","cancer",1,1
"CTCTAATGTTATGCGT-1","0.8","0.2","cancer",1,1
"CTCTAATTCCTATTCA-1","0.8","0.2","cancer",1,1
"CTCTACGCATCGTCGG-1","0.6","0.4","cancer",1,1
"CTCTACGCATTCACTT-1","0.8","0.2","cancer",1,1
"CTCTACGGTAAACACA-1","0.8","0.2","cancer",1,1
"CTCTACGTCTCTGCTG-1","0.8","0.2","cancer",1,1
"CTCTGGTTCTTTAGGG-1","0.8","0.2","cancer",1,1
"CTGAAACTCAGCTTAG-1","1","0","cancer",1,1
"CTGAAGTAGGCCATAG-1","0.8","0.2","cancer",1,1
"CTGAAGTCAAACGTGG-1","0.8","0.2","cancer",1,1
"CTGATAGAGGATGTAT-1","0.6","0.4","cancer",1,1
"CTGATAGAGGTGGGTT-1","0.8","0.2","cancer",1,1
"CTGATAGCACGACGAA-1","1","0","cancer",1,1
"CTGATAGGTCACCTAA-1","0.8","0.2","cancer",1,1
"CTGATAGTCGAGAGCA-1","1","0","cancer",1,1
"CTGCGGAAGACCCACC-1","0.6","0.4","cancer",1,1
"CTGCGGATCTTTCCTC-1","0.8","0.2","cancer",1,1
"CTGCTGTCACCAGCAC-1","0.8","0.2","cancer",1,1
"CTGGTCTGTCACAAGG-1","1","0","cancer",1,1
"CTGGTCTTCAAACCGT-1","1","0","cancer",1,1
"CTGGTCTTCAACCATG-1","0.8","0.2","cancer",1,1
"CTGTGCTGTGGTGTAG-1","0.8","0.2","cancer",1,1
"CTGTTTACAGCGAACA-1","0.8","0.2","cancer",1,1
"CTTACCGCATCGACGC-1","0.8","0.2","cancer",1,1
"CTTACCGCATCTCGCT-1","0.4","0.6","non_cancer",0,1
"CTTACCGGTAGCTCCG-1","1","0","cancer",1,1
"CTTACCGGTATCACCA-1","1","0","cancer",1,1
"CTTACCGGTCCTCTTG-1","1","0","cancer",1,1
"CTTACCGGTGACGCCT-1","0.8","0.2","cancer",1,1
"CTTACCGTCTCTGTCG-1","0.8","0.2","cancer",1,1
"CTTAGGAAGCCACCTG-1","0.8","0.2","cancer",1,1
"CTTAGGAAGGGCACTA-1","0.8","0.2","cancer",1,1
"CTTAGGACAAGAGTCG-1","1","0","cancer",1,1
"CTTAGGACACGACGAA-1","0.8","0.2","cancer",1,1
"CTTAGGAGTTATCCGA-1","0.8","0.2","cancer",1,1
"CTTAGGATCGTGTAGT-1","1","0","cancer",1,1
"CTTCTCTAGAGGGCTT-1","0.4","0.6","non_cancer",0,1
"CTTCTCTAGTAGATGT-1","0.8","0.2","cancer",1,1
"CTTCTCTCACACCGCA-1","0","1","non_cancer",0,1
"CTTCTCTCACGCATCG-1","0.8","0.2","cancer",1,1
"CTTCTCTGTGTGCGTC-1","0.8","0.2","cancer",1,1
"CTTCTCTGTTTGGCGC-1","0.8","0.2","cancer",1,1
"CTTGGCTGTTACGGAG-1","0.8","0.2","cancer",1,1
"GAACATCCAGACAGGT-1","1","0","cancer",1,1
"GAACATCGTCGACTAT-1","0.8","0.2","cancer",1,1
"GAACCTACATTAACCG-1","0.8","0.2","cancer",1,1
"GAACCTAGTCTAGAGG-1","0.8","0.2","cancer",1,1
"GAACGGAAGCTGCAAG-1","0.6","0.4","cancer",1,1
"GAACGGAAGTGGTAGC-1","0.6","0.4","cancer",1,1
"GAACGGATCATAACCG-1","0.8","0.2","cancer",1,1
"GAAGCAGCAATGACCT-1","0.2","0.8","non_cancer",0,1
"GAATAAGAGGCGCTCT-1","0.8","0.2","cancer",1,1
"GAATAAGGTACTCGCG-1","0.8","0.2","cancer",1,1
"GAATAAGTCGATGAGG-1","0.4","0.6","non_cancer",0,1
"GAATGAAAGTGGTAAT-1","0.8","0.2","cancer",1,1
"GAATGAAGTCAGAAGC-1","0.8","0.2","cancer",1,1
"GACACGCTCCACGAAT-1","0.8","0.2","cancer",1,1
"GACAGAGCAGAAGCAC-1","0.8","0.2","cancer",1,1
"GACAGAGTCGGGAGTA-1","1","0","cancer",1,1
"GACAGAGTCTGAAAGA-1","0.2","0.8","non_cancer",0,1
"GACCAATTCACAAACC-1","0.6","0.4","cancer",1,1
"GACCAATTCGCCAAAT-1","0.8","0.2","cancer",1,1
"GACCTGGCAAGAGTCG-1","0.8","0.2","cancer",1,1
"GACCTGGGTACCTACA-1","1","0","cancer",1,1
"GACGCGTAGATGTTAG-1","0","1","non_cancer",0,1
"GACGCGTCAATGGATA-1","0.4","0.6","non_cancer",0,1
"GACGCGTCAGGCTCAC-1","0.8","0.2","cancer",1,1
"GACGGCTAGCAGGCTA-1","0.8","0.2","cancer",1,1
"GACGGCTCATCTATGG-1","1","0","cancer",1,1
"GACGGCTTCATCGATG-1","1","0","cancer",1,1
"GACGGCTTCTTGCAAG-1","0.8","0.2","cancer",1,1
"GACGTGCGTCTTGTCC-1","0.8","0.2","cancer",1,1
"GACGTTAAGTCATCCA-1","0.8","0.2","cancer",1,1
"GACGTTAGTTCGTGAT-1","1","0","cancer",1,1
"GACGTTATCTGGAGCC-1","0.6","0.4","cancer",1,1
"GACTACAAGATCCCGC-1","0.8","0.2","cancer",1,1
"GACTACAAGTGTACTC-1","0.8","0.2","cancer",1,1
"GACTACACAAGCGATG-1","0.8","0.2","cancer",1,1
"GACTACATCAAAGACA-1","0.8","0.2","cancer",1,1
"GACTACATCCCTCAGT-1","0.8","0.2","cancer",1,1
"GACTGCGTCATGCATG-1","1","0","cancer",1,1
"GACTGCGTCGTGACAT-1","1","0","cancer",1,1
"GAGCAGACATTACCTT-1","0.8","0.2","cancer",1,1
"GAGCAGAGTTTAAGCC-1","1","0","cancer",1,1
"GAGCAGATCTGACCTC-1","0.8","0.2","cancer",1,1
"GAGGTGAAGCTACCGC-1","0.8","0.2","cancer",1,1
"GAGGTGAGTGGTGTAG-1","0.8","0.2","cancer",1,1
"GAGGTGAGTGTGAATA-1","0.8","0.2","cancer",1,1
"GAGGTGATCCGTTGTC-1","0.8","0.2","cancer",1,1
"GATCAGTCAAGGGTCA-1","0","1","non_cancer",0,1
"GATCAGTGTCAAAGAT-1","0.8","0.2","cancer",1,1
"GATCGATTCTCAACTT-1","0.8","0.2","cancer",1,1
"GATCGCGCAGGATCGA-1","0.4","0.6","non_cancer",0,1
"GATCGCGGTCACCTAA-1","1","0","cancer",1,1
"GATCGCGTCGAATGCT-1","0.8","0.2","cancer",1,1
"GATCGTAAGATACACA-1","0.8","0.2","cancer",1,1
"GATCGTATCGTTGACA-1","0.8","0.2","cancer",1,1
"GATCTAGAGGCGACAT-1","0.4","0.6","non_cancer",0,1
"GATCTAGCAATCCGAT-1","0.8","0.2","cancer",1,1
"GATGAAAAGATGTGGC-1","0.8","0.2","cancer",1,1
"GATGAAACATGACATC-1","0.6","0.4","cancer",1,1
"GATGAAACATTAACCG-1","0.8","0.2","cancer",1,1
"GATGAGGAGGAGTTGC-1","0.8","0.2","cancer",1,1
"GATGAGGCAGTCACTA-1","0.8","0.2","cancer",1,1
"GATGCTAAGAAACCGC-1","1","0","cancer",1,1
"GATGCTACATGAACCT-1","1","0","cancer",1,1
"GATTCAGTCACGACTA-1","0.8","0.2","cancer",1,1
"GCAAACTAGGCATGTG-1","0.4","0.6","non_cancer",0,1
"GCAAACTCAAGCCATT-1","0.8","0.2","cancer",1,1
"GCAAACTTCTGGTTCC-1","0.8","0.2","cancer",1,1
"GCAATCAAGCCGATTT-1","1","0","cancer",1,1
"GCAATCACAATCGGTT-1","0.8","0.2","cancer",1,1
"GCACATAAGCTAAGAT-1","0.8","0.2","cancer",1,1
"GCACATACATACTCTT-1","0.8","0.2","cancer",1,1
"GCACATACATCTCGCT-1","1","0","cancer",1,1
"GCACATATCAATACCG-1","0.8","0.2","cancer",1,1
"GCACTCTGTGCGAAAC-1","0.8","0.2","cancer",1,1
"GCACTCTTCAGAGGTG-1","1","0","cancer",1,1
"GCACTCTTCCATGAGT-1","0.8","0.2","cancer",1,1
"GCACTCTTCTTAGAGC-1","0.8","0.2","cancer",1,1
"GCAGTTACACCTCGTT-1","1","0","cancer",1,1
"GCATACACATTAGCCA-1","1","0","cancer",1,1
"GCATGCGCATGGTCTA-1","0.8","0.2","cancer",1,1
"GCATGCGTCAACGAAA-1","0.8","0.2","cancer",1,1
"GCATGTACAAAGTGCG-1","0.6","0.4","cancer",1,1
"GCATGTAGTAGCTGCC-1","0","1","non_cancer",0,1
"GCATGTAGTCCAGTGC-1","0.8","0.2","cancer",1,1
"GCCAAATAGTGCTGCC-1","1","0","cancer",1,1
"GCCAAATAGTTAACGA-1","0.6","0.4","cancer",1,1
"GCCAAATGTTCCCTTG-1","0.8","0.2","cancer",1,1
"GCCTCTAAGGCCCTTG-1","0.8","0.2","cancer",1,1
"GCCTCTACAAATCCGT-1","0.8","0.2","cancer",1,1
"GCCTCTACATTACCTT-1","0.6","0.4","cancer",1,1
"GCCTCTAGTTACGTCA-1","0.8","0.2","cancer",1,1
"GCCTCTAGTTGAGGTG-1","0","1","non_cancer",0,1
"GCGACCACAGATCCAT-1","0.8","0.2","cancer",1,1
"GCGAGAAGTCGCATCG-1","1","0","cancer",1,1
"GCGAGAATCCCAGGTG-1","0.8","0.2","cancer",1,1
"GCGAGAATCCTCAACC-1","0.8","0.2","cancer",1,1
"GCGCAACCATTCCTGC-1","0.8","0.2","cancer",1,1
"GCGCAGTCACGCGAAA-1","0.4","0.6","non_cancer",0,1
"GCGCAGTGTGACTCAT-1","0.8","0.2","cancer",1,1
"GCGCAGTGTTTGCATG-1","0.8","0.2","cancer",1,1
"GCGCAGTTCAGATAAG-1","0.8","0.2","cancer",1,1
"GCGCCAACACCCATGG-1","0.8","0.2","cancer",1,1
"GCGCCAACACGAAGCA-1","0.8","0.2","cancer",1,1
"GCGCCAAGTAAACGCG-1","1","0","cancer",1,1
"GCGCGATTCGTACGGC-1","0.4","0.6","non_cancer",0,1
"GCGGGTTCACCACCAG-1","1","0","cancer",1,1
"GCGGGTTCATAGTAAG-1","0.8","0.2","cancer",1,1
"GCTCCTAAGAGCTGGT-1","1","0","cancer",1,1
"GCTCCTATCCGAGCCA-1","0.8","0.2","cancer",1,1
"GCTCTGTAGAGAACAG-1","0.8","0.2","cancer",1,1
"GCTCTGTGTAATTGGA-1","0.8","0.2","cancer",1,1
"GCTCTGTTCAGTACGT-1","0.8","0.2","cancer",1,1
"GCTGCAGAGCTGGAAC-1","1","0","cancer",1,1
"GCTGCAGCAAACTGCT-1","0.8","0.2","cancer",1,1
"GCTGCAGGTCAATACC-1","0.8","0.2","cancer",1,1
"GCTGCGAAGTGGAGAA-1","0.8","0.2","cancer",1,1
"GCTGCGATCGAGGTAG-1","0.8","0.2","cancer",1,1
"GCTGCTTCAGGTCGTC-1","1","0","cancer",1,1
"GCTGCTTTCCCATTAT-1","0.8","0.2","cancer",1,1
"GCTGGGTAGGCACATG-1","1","0","cancer",1,1
"GCTGGGTCAATCTGCA-1","0.8","0.2","cancer",1,1
"GCTGGGTCACGGCGTT-1","1","0","cancer",1,1
"GCTGGGTGTAGCGTAG-1","0.8","0.2","cancer",1,1
"GCTGGGTTCCCGACTT-1","0.8","0.2","cancer",1,1
"GCTGGGTTCGTGTAGT-1","0.8","0.2","cancer",1,1
"GCTGGGTTCTTCGGTC-1","1","0","cancer",1,1
"GCTTCCAAGGGCACTA-1","1","0","cancer",1,1
"GCTTCCAAGTGACTCT-1","0.8","0.2","cancer",1,1
"GCTTCCAGTAAAGGAG-1","0.6","0.4","cancer",1,1
"GCTTCCATCCCAAGAT-1","0.8","0.2","cancer",1,1
"GGAAAGCAGAACAACT-1","0.8","0.2","cancer",1,1
"GGAAAGCTCCATGAAC-1","0.8","0.2","cancer",1,1
"GGAACTTAGAAGGACA-1","1","0","cancer",1,1
"GGAACTTAGGGCTTGA-1","0.8","0.2","cancer",1,1
"GGAACTTCAAGCGTAG-1","0.8","0.2","cancer",1,1
"GGAATAAGTCTGCGGT-1","0.8","0.2","cancer",1,1
"GGACAAGCACATTCGA-1","0.8","0.2","cancer",1,1
"GGACAAGCACTGTCGG-1","0.8","0.2","cancer",1,1
"GGACAGACAACAACCT-1","0.8","0.2","cancer",1,1
"GGACAGAGTGCCTTGG-1","0.8","0.2","cancer",1,1
"GGACATTCAATGTAAG-1","0.6","0.4","cancer",1,1
"GGACATTCAGCGAACA-1","0.8","0.2","cancer",1,1
"GGACATTGTCCAGTAT-1","1","0","cancer",1,1
"GGACGTCCACATTCGA-1","0.8","0.2","cancer",1,1
"GGACGTCTCAGCAACT-1","0.8","0.2","cancer",1,1
"GGACGTCTCTTTAGTC-1","0","1","non_cancer",0,1
"GGAGCAAAGTGAAGTT-1","0.8","0.2","cancer",1,1
"GGAGCAACATCGATTG-1","0.8","0.2","cancer",1,1
"GGATGTTAGTACGATA-1","1","0","cancer",1,1
"GGATGTTAGTGAAGAG-1","0","1","non_cancer",0,1
"GGATGTTAGTGTGAAT-1","0.8","0.2","cancer",1,1
"GGATGTTCAGCCTATA-1","0.8","0.2","cancer",1,1
"GGATGTTCAGGTTTCA-1","1","0","cancer",1,1
"GGATGTTTCATTGCGA-1","1","0","cancer",1,1
"GGATTACCACACTGCG-1","0.8","0.2","cancer",1,1
"GGATTACGTAGAGCTG-1","1","0","cancer",1,1
"GGATTACTCGGAGCAA-1","0.8","0.2","cancer",1,1
"GGCCGATCACCCAGTG-1","1","0","cancer",1,1
"GGCCGATGTCACTTCC-1","0.8","0.2","cancer",1,1
"GGCCGATGTTCACCTC-1","0.8","0.2","cancer",1,1
"GGCCGATGTTTGTGTG-1","1","0","cancer",1,1
"GGCGACTTCGACCAGC-1","1","0","cancer",1,1
"GGCGTGTAGTGTTGAA-1","0.8","0.2","cancer",1,1
"GGCGTGTCAGATAATG-1","0.6","0.4","cancer",1,1
"GGCTCGATCTCGATGA-1","0","1","non_cancer",0,1
"GGGAATGCAACAACCT-1","0.6","0.4","cancer",1,1
"GGGAATGCAGACAGGT-1","1","0","cancer",1,1
"GGGAATGTCGGCTACG-1","0.8","0.2","cancer",1,1
"GGGACCTCAAACGCGA-1","0.8","0.2","cancer",1,1
"GGGACCTCACATTAGC-1","1","0","cancer",1,1
"GGGACCTCATATGAGA-1","1","0","cancer",1,1
"GGGAGATAGTTGTCGT-1","1","0","cancer",1,1
"GGGAGATCAAGCCATT-1","0.8","0.2","cancer",1,1
"GGGAGATCATCAGTAC-1","0.6","0.4","cancer",1,1
"GGGATGACACTGTGTA-1","0.8","0.2","cancer",1,1
"GGGATGATCCGAAGAG-1","0.8","0.2","cancer",1,1
"GGGCACTAGCTAGTTC-1","0.8","0.2","cancer",1,1
"GGGCATCAGAAGATTC-1","0.8","0.2","cancer",1,1
"GGGCATCAGTCCATAC-1","0.8","0.2","cancer",1,1
"GGGCATCCAGGATCGA-1","1","0","cancer",1,1
"GGGCATCCATACGCTA-1","0.6","0.4","cancer",1,1
"GGGCATCGTCTCAACA-1","0.8","0.2","cancer",1,1
"GGGTCTGAGGAGCGTT-1","0.8","0.2","cancer",1,1
"GGGTTGCAGAGGTTAT-1","0.8","0.2","cancer",1,1
"GGGTTGCAGCACGCCT-1","0.8","0.2","cancer",1,1
"GGGTTGCAGTAGGTGC-1","0","1","non_cancer",0,1
"GGGTTGCCACCTGGTG-1","0.8","0.2","cancer",1,1
"GGGTTGCGTTGCCTCT-1","0.8","0.2","cancer",1,1
"GGGTTGCTCAGATAAG-1","0.8","0.2","cancer",1,1
"GGTATTGAGCTGCGAA-1","1","0","cancer",1,1
"GGTATTGTCGCATGAT-1","0","1","non_cancer",0,1
"GGTATTGTCTCGATGA-1","0.8","0.2","cancer",1,1
"GGTGAAGAGGACTGGT-1","0.6","0.4","cancer",1,1
"GGTGAAGTCCAATGGT-1","1","0","cancer",1,1
"GGTGAAGTCGAATGGG-1","1","0","cancer",1,1
"GGTGAAGTCTCTAAGG-1","0.4","0.6","non_cancer",0,1
"GGTGCGTAGAGTAATC-1","0.8","0.2","cancer",1,1
"GGTGCGTCAAGGTTTC-1","1","0","cancer",1,1
"GGTGTTACACCCTATC-1","1","0","cancer",1,1
"GGTGTTACAGACAGGT-1","1","0","cancer",1,1
"GTAACGTTCCTACAGA-1","0.8","0.2","cancer",1,1
"GTAACGTTCGGTCTAA-1","0.8","0.2","cancer",1,1
"GTAACTGCAGGGTTAG-1","0.8","0.2","cancer",1,1
"GTAACTGTCCGCTGTT-1","0.8","0.2","cancer",1,1
"GTACGTAAGGTAGCCA-1","1","0","cancer",1,1
"GTACGTATCACAGTAC-1","1","0","cancer",1,1
"GTACGTATCCCTTGCA-1","0.8","0.2","cancer",1,1
"GTACTTTAGGTACTCT-1","0.8","0.2","cancer",1,1
"GTAGTCAAGGCAGTCA-1","1","0","cancer",1,1
"GTAGTCAGTAGTAGTA-1","0.8","0.2","cancer",1,1
"GTAGTCATCTGTCTAT-1","1","0","cancer",1,1
"GTATCTTAGAGTTGGC-1","0.8","0.2","cancer",1,1
"GTATCTTAGCCCTAAT-1","0.8","0.2","cancer",1,1
"GTATCTTAGTCTCAAC-1","1","0","cancer",1,1
"GTATCTTCACTGAAGG-1","0.8","0.2","cancer",1,1
"GTATCTTCAGTGACAG-1","0.6","0.4","cancer",1,1
"GTATCTTGTCGCATCG-1","0.8","0.2","cancer",1,1
"GTATTCTAGATGTAAC-1","1","0","cancer",1,1
"GTATTCTGTAAGCACG-1","1","0","cancer",1,1
"GTATTCTGTCTCTCTG-1","1","0","cancer",1,1
"GTCAAGTGTTAAGACA-1","0.8","0.2","cancer",1,1
"GTCAAGTTCCGCATCT-1","1","0","cancer",1,1
"GTCACAAAGTACGTTC-1","0.8","0.2","cancer",1,1
"GTCACAAAGTGCTGCC-1","1","0","cancer",1,1
"GTCACAAGTCTGATTG-1","0.8","0.2","cancer",1,1
"GTCACGGAGATAGTCA-1","0.8","0.2","cancer",1,1
"GTCACGGAGGATGGTC-1","0.8","0.2","cancer",1,1
"GTCATTTAGGGCTTCC-1","0.8","0.2","cancer",1,1
"GTCATTTGTATTACCG-1","1","0","cancer",1,1
"GTCATTTTCGAATCCA-1","0.8","0.2","cancer",1,1
"GTCCTCAAGTTATCGC-1","1","0","cancer",1,1
"GTCCTCATCTACCTGC-1","0.8","0.2","cancer",1,1
"GTCGGGTGTCCTCCAT-1","0.8","0.2","cancer",1,1
"GTCGTAAAGGATTCGG-1","0.8","0.2","cancer",1,1
"GTCGTAACACCGGAAA-1","1","0","cancer",1,1
"GTCGTAAGTTCAGTAC-1","0.8","0.2","cancer",1,1
"GTCGTAATCCACGTTC-1","0.8","0.2","cancer",1,1
"GTCTTCGAGATACACA-1","0.8","0.2","cancer",1,1
"GTCTTCGAGTGTTAGA-1","1","0","cancer",1,1
"GTCTTCGTCCCTCTTT-1","0.8","0.2","cancer",1,1
"GTGAAGGAGTGCCAGA-1","0","1","non_cancer",0,1
"GTGAAGGTCGTACCGG-1","1","0","cancer",1,1
"GTGCAGCGTATCGCAT-1","0.8","0.2","cancer",1,1
"GTGCAGCTCTTAGCCC-1","0.8","0.2","cancer",1,1
"GTGCATACAATTGCTG-1","0.8","0.2","cancer",1,1
"GTGCATACACATTAGC-1","0.8","0.2","cancer",1,1
"GTGCATAGTTTCCACC-1","1","0","cancer",1,1
"GTGCGGTAGAACTCGG-1","0","1","non_cancer",0,1
"GTGCGGTGTGTGAAAT-1","0.8","0.2","cancer",1,1
"GTGCGGTGTGTGACGA-1","0.8","0.2","cancer",1,1
"GTGCGGTGTTCGCGAC-1","1","0","cancer",1,1
"GTGCTTCAGATATGGT-1","0.8","0.2","cancer",1,1
"GTGCTTCCACGAGGTA-1","0.8","0.2","cancer",1,1
"GTGCTTCCAGGATCGA-1","0.8","0.2","cancer",1,1
"GTGCTTCTCCTACAGA-1","0.8","0.2","cancer",1,1
"GTGCTTCTCTTGTTTG-1","0.8","0.2","cancer",1,1
"GTGTGCGGTGACTACT-1","0.8","0.2","cancer",1,1
"GTGTTAGGTCTAGGTT-1","1","0","cancer",1,1
"GTGTTAGTCAACGCTA-1","0","1","non_cancer",0,1
"GTGTTAGTCTTGAGAC-1","1","0","cancer",1,1
"GTTAAGCCAGGGTACA-1","0.8","0.2","cancer",1,1
"GTTAAGCGTAAGGATT-1","0","1","non_cancer",0,1
"GTTAAGCGTCAATGTC-1","1","0","cancer",1,1
"GTTAAGCTCCGCATCT-1","0.8","0.2","cancer",1,1
"GTTACAGTCAGCCTAA-1","1","0","cancer",1,1
"GTTACAGTCTTGAGGT-1","0.8","0.2","cancer",1,1
"GTTCATTAGTACGCGA-1","0.8","0.2","cancer",1,1
"GTTCTCGAGAGTAAGG-1","0.8","0.2","cancer",1,1
"GTTCTCGCAGCGTAAG-1","0.6","0.4","cancer",1,1
"GTTCTCGGTCTCGTTC-1","0.8","0.2","cancer",1,1
"GTTTCTACACGAAGCA-1","0.8","0.2","cancer",1,1
"GTTTCTAGTCCTAGCG-1","1","0","cancer",1,1
"TAAGAGAAGCAATCTC-1","1","0","cancer",1,1
"TAAGAGAAGCACGCCT-1","0.8","0.2","cancer",1,1
"TAAGAGACAAGGTTTC-1","0.8","0.2","cancer",1,1
"TAAGAGAGTGGCAAAC-1","0.4","0.6","non_cancer",0,1
"TAAGCGTGTGCGCTTG-1","0.8","0.2","cancer",1,1
"TAAGTGCAGTACGCCC-1","0.8","0.2","cancer",1,1
"TAAGTGCGTTAAGGGC-1","0.8","0.2","cancer",1,1
"TAAGTGCTCATCGGAT-1","0.8","0.2","cancer",1,1
"TACAGTGAGGGATCTG-1","1","0","cancer",1,1
"TACCTATAGCAATATG-1","1","0","cancer",1,1
"TACCTATCATTTCAGG-1","0.8","0.2","cancer",1,1
"TACCTTATCTGGTTCC-1","1","0","cancer",1,1
"TACGGATCACCCTATC-1","0.6","0.4","cancer",1,1
"TACGGATTCCCATTAT-1","0","1","non_cancer",0,1
"TACGGGCAGATAGTCA-1","0.8","0.2","cancer",1,1
"TACGGGCTCCAAACAC-1","0.8","0.2","cancer",1,1
"TACGGTAAGTGGAGTC-1","1","0","cancer",1,1
"TACTCATAGATATACG-1","1","0","cancer",1,1
"TACTCATCACAGACTT-1","0.8","0.2","cancer",1,1
"TACTCATGTATAATGG-1","1","0","cancer",1,1
"TACTCATTCAGGATCT-1","0.8","0.2","cancer",1,1
"TACTCATTCCTTAATC-1","1","0","cancer",1,1
"TACTCGCAGTTAACGA-1","1","0","cancer",1,1
"TACTTACGTAGATTAG-1","0.8","0.2","cancer",1,1
"TACTTGTTCCGCAGTG-1","0","1","non_cancer",0,1
"TAGACCAGTACAAGTA-1","0.8","0.2","cancer",1,1
"TAGAGCTCAAGAAGAG-1","0.8","0.2","cancer",1,1
"TAGAGCTCACAGGCCT-1","0.8","0.2","cancer",1,1
"TAGAGCTCACGAGAGT-1","0.8","0.2","cancer",1,1
"TAGAGCTGTCTCAACA-1","1","0","cancer",1,1
"TAGAGCTGTTCCATGA-1","0.8","0.2","cancer",1,1
"TAGAGCTGTTTGCATG-1","1","0","cancer",1,1
"TAGAGCTTCACCACCT-1","0.8","0.2","cancer",1,1
"TAGAGCTTCACGCATA-1","0.8","0.2","cancer",1,1
"TAGAGCTTCCTCAATT-1","1","0","cancer",1,1
"TAGCCGGCAAGCTGTT-1","0.8","0.2","cancer",1,1
"TAGCCGGTCACCCGAG-1","0","1","non_cancer",0,1
"TAGCCGGTCTTTAGGG-1","0.8","0.2","cancer",1,1
"TAGGCATTCTGATTCT-1","0.8","0.2","cancer",1,1
"TAGTGGTAGAGGTAGA-1","0.8","0.2","cancer",1,1
"TAGTGGTCATAGAAAC-1","0.8","0.2","cancer",1,1
"TAGTGGTGTCCGAAGA-1","0.8","0.2","cancer",1,1
"TAGTTGGCATGCGCAC-1","1","0","cancer",1,1
"TATCAGGAGTTACCCA-1","0.8","0.2","cancer",1,1
"TATCAGGCATATGAGA-1","1","0","cancer",1,1
"TATCTCACACGGCGTT-1","1","0","cancer",1,1
"TATCTCACATACGCCG-1","1","0","cancer",1,1
"TATCTCACATCCAACA-1","0.6","0.4","cancer",1,1
"TATCTCATCGCAGGCT-1","0.8","0.2","cancer",1,1
"TATTACCTCCTCGCAT-1","0.8","0.2","cancer",1,1
"TCAACGAAGAATTGTG-1","0","1","non_cancer",0,1
"TCAACGACATGTAAGA-1","0.8","0.2","cancer",1,1
"TCAACGATCAACCAAC-1","0.8","0.2","cancer",1,1
"TCAATCTAGCGTTGCC-1","0.8","0.2","cancer",1,1
"TCAATCTAGTACGTTC-1","0.4","0.6","non_cancer",0,1
"TCAATCTGTGAAGGCT-1","0.8","0.2","cancer",1,1
"TCACAAGAGCCACGCT-1","0.4","0.6","non_cancer",0,1
"TCACAAGAGGCGTACA-1","0.8","0.2","cancer",1,1
"TCACGAACAAACTGTC-1","0.2","0.8","non_cancer",0,1
"TCACGAACAAGGACTG-1","0.4","0.6","non_cancer",0,1
"TCACGAATCACCACCT-1","1","0","cancer",1,1
"TCAGCTCCAACGATCT-1","1","0","cancer",1,1
"TCAGCTCGTATTCTCT-1","1","0","cancer",1,1
"TCAGCTCGTCCGTGAC-1","0.8","0.2","cancer",1,1
"TCAGCTCTCCGTAGTA-1","1","0","cancer",1,1
"TCAGCTCTCTCGTTTA-1","0.8","0.2","cancer",1,1
"TCAGGTAAGTTTGCGT-1","0.8","0.2","cancer",1,1
"TCAGGTAGTCTAAAGA-1","1","0","cancer",1,1
"TCAGGTATCACGGTTA-1","0.8","0.2","cancer",1,1
"TCATTACAGGAGTCTG-1","0.8","0.2","cancer",1,1
"TCATTTGCAAGTACCT-1","1","0","cancer",1,1
"TCATTTGTCGGTCTAA-1","1","0","cancer",1,1
"TCCACACGTACAGCAG-1","0.8","0.2","cancer",1,1
"TCCACACGTTCGTGAT-1","0.8","0.2","cancer",1,1
"TCCCGATAGCCTTGAT-1","0.8","0.2","cancer",1,1
"TCCCGATTCTTACCGC-1","0.8","0.2","cancer",1,1
"TCGAGGCAGGCGTACA-1","1","0","cancer",1,1
"TCGAGGCCACTAAGTC-1","0.8","0.2","cancer",1,1
"TCGAGGCGTGATGCCC-1","0.8","0.2","cancer",1,1
"TCGAGGCTCCCAACGG-1","0.8","0.2","cancer",1,1
"TCGCGTTCACTAGTAC-1","0.8","0.2","cancer",1,1
"TCGCGTTTCACCTCGT-1","1","0","cancer",1,1
"TCGGGACCAGGATCGA-1","1","0","cancer",1,1
"TCGGGACGTGTCCTCT-1","0.8","0.2","cancer",1,1
"TCGGTAAAGTAGATGT-1","0.8","0.2","cancer",1,1
"TCGGTAAGTAGCTAAA-1","0.6","0.4","cancer",1,1
"TCGTACCCAGGACCCT-1","0.8","0.2","cancer",1,1
"TCGTAGACACTCTGTC-1","0.2","0.8","non_cancer",0,1
"TCGTAGATCACTATTC-1","1","0","cancer",1,1
"TCGTAGATCTCCAGGG-1","0.8","0.2","cancer",1,1
"TCTATTGGTATCGCAT-1","0.8","0.2","cancer",1,1
"TCTCATAGTTCCAACA-1","0.6","0.4","cancer",1,1
"TCTCTAAAGCCACTAT-1","0.2","0.8","non_cancer",0,1
"TCTCTAAAGTGTTAGA-1","1","0","cancer",1,1
"TCTCTAAGTATGGTTC-1","0.8","0.2","cancer",1,1
"TCTGAGACACGGTAAG-1","0.6","0.4","cancer",1,1
"TCTGAGACAGTGGAGT-1","1","0","cancer",1,1
"TCTGAGAGTATGAAAC-1","0.8","0.2","cancer",1,1
"TCTGGAAAGCTTCGCG-1","0.8","0.2","cancer",1,1
"TCTTCGGGTAAATACG-1","0.6","0.4","cancer",1,1
"TCTTCGGTCCACGCAG-1","0.8","0.2","cancer",1,1
"TCTTCGGTCGTCGTTC-1","0.6","0.4","cancer",1,1
"TCTTTCCAGTCAAGCG-1","0.8","0.2","cancer",1,1
"TCTTTCCGTAGTACCT-1","1","0","cancer",1,1
"TCTTTCCTCTGTCTAT-1","1","0","cancer",1,1
"TGAAAGATCACCGGGT-1","0.8","0.2","cancer",1,1
"TGACAACCAAACGTGG-1","1","0","cancer",1,1
"TGACAACGTCCAGTGC-1","0.8","0.2","cancer",1,1
"TGACAACGTGTGAATA-1","0.8","0.2","cancer",1,1
"TGACGGCAGATATGCA-1","0.8","0.2","cancer",1,1
"TGACGGCCACCACGTG-1","0.8","0.2","cancer",1,1
"TGACGGCCATCACGAT-1","1","0","cancer",1,1
"TGACTAGTCCTAAGTG-1","0.8","0.2","cancer",1,1
"TGACTTTGTTCCCGAG-1","0.8","0.2","cancer",1,1
"TGAGAGGAGTAACCCT-1","0.8","0.2","cancer",1,1
"TGAGAGGAGTCTCCTC-1","1","0","cancer",1,1
"TGAGCCGCACACAGAG-1","1","0","cancer",1,1
"TGAGCCGGTGTCAATC-1","0.8","0.2","cancer",1,1
"TGATTTCAGTCTTGCA-1","1","0","cancer",1,1
"TGATTTCCAATCGGTT-1","0.8","0.2","cancer",1,1
"TGCACCTAGACAATAC-1","0.6","0.4","cancer",1,1
"TGCACCTTCTGTCTAT-1","1","0","cancer",1,1
"TGCCAAAAGCTAACAA-1","0.8","0.2","cancer",1,1
"TGCCAAACAATTGCTG-1","0.8","0.2","cancer",1,1
"TGCCAAACACTGAAGG-1","0","1","non_cancer",0,1
"TGCCAAAGTCGCATCG-1","1","0","cancer",1,1
"TGCCAAATCACCGGGT-1","0.8","0.2","cancer",1,1
"TGCCCATCAGCTCGCA-1","1","0","cancer",1,1
"TGCCCTAAGCTCAACT-1","0.8","0.2","cancer",1,1
"TGCCCTAAGGTGCTAG-1","1","0","cancer",1,1
"TGCCCTAAGTCATGCT-1","0.8","0.2","cancer",1,1
"TGCCCTACATATGCTG-1","1","0","cancer",1,1
"TGCCCTACATCTCCCA-1","1","0","cancer",1,1
"TGCCCTATCACCCGAG-1","1","0","cancer",1,1
"TGCCCTATCCGCATCT-1","0.4","0.6","non_cancer",0,1
"TGCCCTATCCTTGACC-1","0.8","0.2","cancer",1,1
"TGCGTGGGTAGGCTGA-1","0.8","0.2","cancer",1,1
"TGCGTGGGTCATTAGC-1","1","0","cancer",1,1
"TGCTACCAGTGCGATG-1","0.8","0.2","cancer",1,1
"TGCTACCTCCTCGCAT-1","1","0","cancer",1,1
"TGGACGCCACTTACGA-1","0.8","0.2","cancer",1,1
"TGGACGCGTGCCTGTG-1","0.8","0.2","cancer",1,1
"TGGACGCGTGTAACGG-1","0.6","0.4","cancer",1,1
"TGGCGCAAGATGGGTC-1","0.8","0.2","cancer",1,1
"TGGCGCACAAGTTCTG-1","0.8","0.2","cancer",1,1
"TGGCGCAGTGAAGGCT-1","0.8","0.2","cancer",1,1
"TGGCGCAGTGAGTGAC-1","0.8","0.2","cancer",1,1
"TGGCGCATCGCACTCT-1","0.8","0.2","cancer",1,1
"TGGCTGGAGCTCCTCT-1","0.8","0.2","cancer",1,1
"TGGCTGGAGTGACTCT-1","1","0","cancer",1,1
"TGGCTGGAGTGTTAGA-1","0.8","0.2","cancer",1,1
"TGGCTGGCAGCTTCGG-1","1","0","cancer",1,1
"TGGGAAGGTAAATGTG-1","0.8","0.2","cancer",1,1
"TGGGCGTAGAGTCTGG-1","0.8","0.2","cancer",1,1
"TGGGCGTGTCTGCCAG-1","0.8","0.2","cancer",1,1
"TGGGCGTTCCACGACG-1","1","0","cancer",1,1
"TGGTTAGAGAACTGTA-1","1","0","cancer",1,1
"TGGTTCCCAAGCCCAC-1","0.8","0.2","cancer",1,1
"TGGTTCCCACATGACT-1","1","0","cancer",1,1
"TGGTTCCTCCAGTAGT-1","0.8","0.2","cancer",1,1
"TGTCCCAAGAGTCGGT-1","0.6","0.4","cancer",1,1
"TGTGGTAAGAGTGAGA-1","0.8","0.2","cancer",1,1
"TGTGGTAAGATGTAAC-1","0.8","0.2","cancer",1,1
"TGTGGTATCACTCCTG-1","1","0","cancer",1,1
"TGTGGTATCCGTCATC-1","1","0","cancer",1,1
"TGTGTTTGTCGCTTCT-1","0.6","0.4","cancer",1,1
"TGTGTTTGTCGGATCC-1","0.8","0.2","cancer",1,1
"TGTGTTTTCGTCGTTC-1","1","0","cancer",1,1
"TGTTCCGAGAGACGAA-1","0.8","0.2","cancer",1,1
"TGTTCCGAGCGAGAAA-1","0.6","0.4","cancer",1,1
"TGTTCCGAGGTGCTAG-1","1","0","cancer",1,1
"TGTTCCGTCAAGATCC-1","0.8","0.2","cancer",1,1
"TGTTCCGTCCCTAATT-1","0.4","0.6","non_cancer",0,1
"TTAACTCCAAGCGTAG-1","1","0","cancer",1,1
"TTAACTCCAGGATTGG-1","1","0","cancer",1,1
"TTAACTCGTAGAAAGG-1","1","0","cancer",1,1
"TTAGGACAGGGCTTCC-1","1","0","cancer",1,1
"TTAGGACTCGTTTGCC-1","1","0","cancer",1,1
"TTAGGCAAGGCCCGTT-1","0.8","0.2","cancer",1,1
"TTAGTTCAGCGATAGC-1","0.8","0.2","cancer",1,1
"TTAGTTCAGGCATTGG-1","1","0","cancer",1,1
"TTAGTTCCAAGTCATC-1","0.8","0.2","cancer",1,1
"TTAGTTCTCCTTTCTC-1","0.8","0.2","cancer",1,1
"TTAGTTCTCTTAGCCC-1","0.8","0.2","cancer",1,1
"TTATGCTCAAGCTGAG-1","0.4","0.6","non_cancer",0,1
"TTATGCTCACCGAATT-1","1","0","cancer",1,1
"TTATGCTGTCCAACTA-1","0.6","0.4","cancer",1,1
"TTATGCTTCCTTGACC-1","0.8","0.2","cancer",1,1
"TTCCCAGCAATGAAAC-1","0.8","0.2","cancer",1,1
"TTCCCAGCACTCAGGC-1","0.8","0.2","cancer",1,1
"TTCCCAGTCCGCGGTA-1","1","0","cancer",1,1
"TTCCCAGTCGTCGTTC-1","0.8","0.2","cancer",1,1
"TTCGAAGTCACGACTA-1","1","0","cancer",1,1
"TTCGGTCAGAAGGTGA-1","0.8","0.2","cancer",1,1
"TTCGGTCAGTTAAGTG-1","1","0","cancer",1,1
"TTCGGTCCAAGAAAGG-1","0.4","0.6","non_cancer",0,1
"TTCGGTCCAATGGATA-1","0.8","0.2","cancer",1,1
"TTCTACATCCTGTAGA-1","1","0","cancer",1,1
"TTCTACATCTACTTAC-1","0.8","0.2","cancer",1,1
"TTCTCAAAGCATCATC-1","0.8","0.2","cancer",1,1
"TTCTCAACAGGCTGAA-1","1","0","cancer",1,1
"TTCTCCTCAGCCAGAA-1","1","0","cancer",1,1
"TTCTCCTGTAAACCTC-1","1","0","cancer",1,1
"TTCTCCTGTCGCATAT-1","0","1","non_cancer",0,1
"TTGAACGCAAACGTGG-1","0.8","0.2","cancer",1,1
"TTGAACGCAATCTACG-1","0.8","0.2","cancer",1,1
"TTGAACGCAGCATACT-1","0.8","0.2","cancer",1,1
"TTGAACGCAGCTTCGG-1","0.8","0.2","cancer",1,1
"TTGAACGTCTAACTTC-1","0.8","0.2","cancer",1,1
"TTGACTTAGACTGGGT-1","0.8","0.2","cancer",1,1
"TTGACTTAGGGATACC-1","0.4","0.6","non_cancer",0,1
"TTGACTTAGTTGTCGT-1","1","0","cancer",1,1
"TTGACTTGTATAGGGC-1","0.8","0.2","cancer",1,1
"TTGACTTGTCTCCCTA-1","0.8","0.2","cancer",1,1
"TTGCCGTAGTGCCAGA-1","0.8","0.2","cancer",1,1
"TTGCCGTCAACTTGAC-1","0.8","0.2","cancer",1,1
"TTGCCGTGTGTGGTTT-1","0.8","0.2","cancer",1,1
"TTGCGTCAGTGCCAGA-1","0.8","0.2","cancer",1,1
"TTGCGTCGTCCGCTGA-1","0.2","0.8","non_cancer",0,1
"TTGCGTCTCACTTACT-1","1","0","cancer",1,1
"TTGGAACCATTAACCG-1","0.8","0.2","cancer",1,1
"TTGGAACGTAAATGTG-1","0.8","0.2","cancer",1,1
"TTGGAACTCCAGGGCT-1","0.8","0.2","cancer",1,1
"TTGGAACTCTTCCTTC-1","0.8","0.2","cancer",1,1
"TTGGCAACATATGAGA-1","0.8","0.2","cancer",1,1
"TTGGCAATCAGCGATT-1","0.8","0.2","cancer",1,1
"TTGGCAATCAGTCAGT-1","0.8","0.2","cancer",1,1
"TTTACTGCAACGATGG-1","1","0","cancer",1,1
"TTTACTGGTAAATACG-1","0.8","0.2","cancer",1,1
"TTTACTGGTACCGCTG-1","1","0","cancer",1,1
"TTTACTGGTAGCGCAA-1","0.8","0.2","cancer",1,1
"TTTACTGGTCCGTCAG-1","0.8","0.2","cancer",1,1
"TTTACTGGTCTAAACC-1","1","0","cancer",1,1
"TTTACTGTCCACGACG-1","1","0","cancer",1,1
"TTTATGCAGCTAAACA-1","0.8","0.2","cancer",1,1
"TTTATGCCAATCCGAT-1","1","0","cancer",1,1
"TTTATGCCAGTCACTA-1","0.8","0.2","cancer",1,1
"TTTATGCTCACCATAG-1","1","0","cancer",1,1
"TTTATGCTCAGCATGT-1","0.8","0.2","cancer",1,1
"TTTCCTCCAATGGAAT-1","0.8","0.2","cancer",1,1
"TTTGCGCCAATCACAC-1","0.8","0.2","cancer",1,1
"TTTGGTTCAGCCAGAA-1","0.8","0.2","cancer",1,1
"TTTGGTTGTACCGAGA-1","0.8","0.2","cancer",1,1
"TTTGTCAAGTACACCT-1","0.8","0.2","cancer",1,1
"TTTGTCATCGGTCCGA-1","0.8","0.2","cancer",1,1
"AAAGATGAGGTGTTAA-1","0","1","non_cancer",0,0
"AAAGATGTCAAGAAGT-1","0","1","non_cancer",0,0
"AAAGTAGTCAGCGACC-1","0","1","non_cancer",0,0
"AACGTTGCAAAGGCGT-1","0","1","non_cancer",0,0
"AACTTTCAGTCCGGTC-1","0","1","non_cancer",0,0
"AAGCCGCCACTGTCGG-1","0","1","non_cancer",0,0
"AAGTCTGTCGCGCCAA-1","0","1","non_cancer",0,0
"ACATCAGGTCCCGACA-1","0.2","0.8","non_cancer",0,0
"ACATGGTGTCTAAACC-1","0","1","non_cancer",0,0
"ACCAGTATCGCTTGTC-1","0","1","non_cancer",0,0
"ACCCACTAGCAGATCG-1","0","1","non_cancer",0,0
"ACGATGTAGTTGAGTA-1","0","1","non_cancer",0,0
"ACGGCCACAAATTGCC-1","0","1","non_cancer",0,0
"ACGGGTCCAACTTGAC-1","0","1","non_cancer",0,0
"ACGGGTCGTGAAATCA-1","0","1","non_cancer",0,0
"ACTTGTTTCATAACCG-1","0","1","non_cancer",0,0
"AGACGTTTCTCACATT-1","0","1","non_cancer",0,0
"AGAGCGAAGCACAGGT-1","0","1","non_cancer",0,0
"AGCATACAGAAGGTGA-1","0","1","non_cancer",0,0
"AGCCTAACATGTAAGA-1","0","1","non_cancer",0,0
"AGCCTAAGTGTCGCTG-1","0","1","non_cancer",0,0
"AGCGGTCGTGGTTTCA-1","0","1","non_cancer",0,0
"AGCGGTCTCAAAGTAG-1","0","1","non_cancer",0,0
"AGCTTGAGTCTCAACA-1","0","1","non_cancer",0,0
"AGGCCGTAGCACCGTC-1","0","1","non_cancer",0,0
"AGGGATGCAGCATACT-1","0","1","non_cancer",0,0
"AGGTCCGTCTTGAGAC-1","0.2","0.8","non_cancer",0,0
"AGTGAGGAGAATTGTG-1","0","1","non_cancer",0,0
"AGTGAGGGTCGCATCG-1","0","1","non_cancer",0,0
"AGTGAGGTCCGAGCCA-1","0","1","non_cancer",0,0
"ATAAGAGGTCCATCCT-1","0","1","non_cancer",0,0
"ATTGGACTCGTCTGAA-1","0","1","non_cancer",0,0
"ATTGGTGAGAGGTTAT-1","0","1","non_cancer",0,0
"CAAGAAAGTTGAACTC-1","0","1","non_cancer",0,0
"CAAGTTGTCTGCTTGC-1","0","1","non_cancer",0,0
"CACACAAGTAATAGCA-1","0","1","non_cancer",0,0
"CACAGGCGTTCCCGAG-1","0","1","non_cancer",0,0
"CACAGGCTCGTGGTCG-1","0","1","non_cancer",0,0
"CACCACTGTACCGAGA-1","0","1","non_cancer",0,0
"CACCAGGCAAACGTGG-1","0.2","0.8","non_cancer",0,0
"CAGCAGCGTGTGACGA-1","0","1","non_cancer",0,0
"CAGCATAAGATCCGAG-1","0","1","non_cancer",0,0
"CATATTCGTGGTCCGT-1","0","1","non_cancer",0,0
"CATCCACAGGTGTTAA-1","0","1","non_cancer",0,0
"CCACCTATCCTGTAGA-1","0","1","non_cancer",0,0
"CCACCTATCTAACGGT-1","0","1","non_cancer",0,0
"CCCTCCTTCCTAGGGC-1","0","1","non_cancer",0,0
"CCGGTAGGTCTCACCT-1","0.4","0.6","non_cancer",0,0
"CCGTACTGTCAGGACA-1","0","1","non_cancer",0,0
"CCGTGGAGTAGCTGCC-1","0","1","non_cancer",0,0
"CCGTTCAAGAAGGACA-1","0","1","non_cancer",0,0
"CGAGAAGAGTACTTGC-1","0","1","non_cancer",0,0
"CGCTATCTCGGTGTTA-1","0","1","non_cancer",0,0
"CGTAGGCGTGTCTGAT-1","0","1","non_cancer",0,0
"CTAGTGACAGACACTT-1","0","1","non_cancer",0,0
"CTCCTAGTCGACAGCC-1","0","1","non_cancer",0,0
"CTCGAAAGTCGGCTCA-1","0","1","non_cancer",0,0
"CTCGTCACACCGCTAG-1","0","1","non_cancer",0,0
"CTCTAATCAATGTAAG-1","0","1","non_cancer",0,0
"CTGGTCTTCCTAAGTG-1","0","1","non_cancer",0,0
"GACCAATTCCTATGTT-1","0.2","0.8","non_cancer",0,0
"GACGCGTCAGATCGGA-1","0","1","non_cancer",0,0
"GATCGATAGTACATGA-1","0","1","non_cancer",0,0
"GATCGCGGTAAATACG-1","0","1","non_cancer",0,0
"GCAGCCAAGAGCTTCT-1","0","1","non_cancer",0,0
"GCTGGGTTCTAAGCCA-1","0","1","non_cancer",0,0
"GGAAAGCCAATGGATA-1","0","1","non_cancer",0,0
"GGAAAGCCATATACGC-1","0","1","non_cancer",0,0
"GGAATAACACACATGT-1","0.2","0.8","non_cancer",0,0
"GGACAGACATACAGCT-1","0.2","0.8","non_cancer",0,0
"GGATGTTGTCCTCCAT-1","0","1","non_cancer",0,0
"GGCGACTCATTTCAGG-1","0","1","non_cancer",0,0
"GGGAATGGTCGGGTCT-1","0","1","non_cancer",0,0
"GGGACCTGTCCAGTTA-1","0","1","non_cancer",0,0
"GGGACCTGTCTGGAGA-1","0","1","non_cancer",0,0
"GGGCATCCATGCATGT-1","0","1","non_cancer",0,0
"GGTGCGTAGACAAAGG-1","0","1","non_cancer",0,0
"GGTGCGTCATCGACGC-1","0","1","non_cancer",0,0
"GGTGTTAAGGACTGGT-1","0","1","non_cancer",0,0
"GTCACAAAGTCCCACG-1","0","1","non_cancer",0,0
"GTCTCGTCAAACTGTC-1","0","1","non_cancer",0,0
"GTGCGGTCACTTCGAA-1","0","1","non_cancer",0,0
"GTGCTTCTCTTTCCTC-1","0","1","non_cancer",0,0
"GTTCGGGAGCTGCAAG-1","0","1","non_cancer",0,0
"GTTCTCGTCAGCATGT-1","0","1","non_cancer",0,0
"TAAGAGAGTGTAAGTA-1","0","1","non_cancer",0,0
"TACAGTGTCTAGCACA-1","0","1","non_cancer",0,0
"TACTCATGTCTGATTG-1","0","1","non_cancer",0,0
"TCAATCTCAGACAAGC-1","0","1","non_cancer",0,0
"TCACGAATCCTACAGA-1","0","1","non_cancer",0,0
"TCATTACGTTCAGGCC-1","0","1","non_cancer",0,0
"TCGAGGCGTCGAATCT-1","0","1","non_cancer",0,0
"TCGAGGCGTGATGTGG-1","0","1","non_cancer",0,0
"TCGTAGAGTTCAGACT-1","0","1","non_cancer",0,0
"TCGTAGATCGGCCGAT-1","0","1","non_cancer",0,0
"TCTCTAAAGGAGTACC-1","0","1","non_cancer",0,0
"TCTGAGACAGCCAGAA-1","0","1","non_cancer",0,0
"TCTGGAAAGCGATCCC-1","0","1","non_cancer",0,0
"TGCGCAGGTCTCCCTA-1","0","1","non_cancer",0,0
"TGCGTGGAGGACAGCT-1","0","1","non_cancer",0,0
"TGCTACCAGCCCTAAT-1","0","1","non_cancer",0,0
"TGCTGCTAGAAGGTGA-1","0","1","non_cancer",0,0
"TGTTCCGCAAGCTGAG-1","0","1","non_cancer",0,0
"TTGAACGCAACTGGCC-1","0","1","non_cancer",0,0
"TTGAACGCAGCTGCTG-1","0","1","non_cancer",0,0
"TTTGCGCCACGCCAGT-1","0","1","non_cancer",0,0
"AACACGTTCGCTTGTC-1","0","1","non_cancer",0,0
"AACGTTGGTCATCCCT-1","0","1","non_cancer",0,0
"AACTCCCAGTTAGGTA-1","0","1","non_cancer",0,0
"AACTCTTGTTAGATGA-1","0","1","non_cancer",0,0
"AAGTCTGTCAGGCAAG-1","0","1","non_cancer",0,0
"ACGCCAGGTATTACCG-1","0","1","non_cancer",0,0
"ACGGAGACAATCACAC-1","0","1","non_cancer",0,0
"ACGTCAAGTACCGCTG-1","0","1","non_cancer",0,0
"ACTATCTCAAAGCGGT-1","0","1","non_cancer",0,0
"ACTATCTCAGAAGCAC-1","0","1","non_cancer",0,0
"ACTGAACTCTTGCCGT-1","0","1","non_cancer",0,0
"ACTGATGAGACTCGGA-1","0","1","non_cancer",0,0
"ACTGTCCTCAGATAAG-1","0","1","non_cancer",0,0
"ACTTTCACAAGTTGTC-1","0","1","non_cancer",0,0
"AGATTGCTCATGCAAC-1","0","1","non_cancer",0,0
"AGCTCTCAGGACAGAA-1","0","1","non_cancer",0,0
"AGGGTGAGTTAGGGTG-1","0","1","non_cancer",0,0
"AGGTCATGTCATCCCT-1","0","1","non_cancer",0,0
"AGGTCCGGTGTGACGA-1","0","1","non_cancer",0,0
"AGTAGTCCATACCATG-1","0","1","non_cancer",0,0
"AGTGAGGGTCTTCGTC-1","0","1","non_cancer",0,0
"ATAAGAGAGTTCGCAT-1","0","1","non_cancer",0,0
"ATGAGGGCATTGTGCA-1","0","1","non_cancer",0,0
"ATTCTACTCTCTGCTG-1","0","1","non_cancer",0,0
"CAACTAGCATCGTCGG-1","0","1","non_cancer",0,0
"CACACCTGTCAACTGT-1","0","1","non_cancer",0,0
"CAGAATCGTCGGGTCT-1","0","1","non_cancer",0,0
"CAGCAGCTCGCATGGC-1","0","1","non_cancer",0,0
"CATGACACAGCGTCCA-1","0","1","non_cancer",0,0
"CATTATCGTACAGACG-1","0","1","non_cancer",0,0
"CCACCTATCGTGTAGT-1","0","1","non_cancer",0,0
"CCACTACAGACTTGAA-1","0","1","non_cancer",0,0
"CCGGTAGAGGCTAGAC-1","0","1","non_cancer",0,0
"CGATGGCCAGGGTTAG-1","0","1","non_cancer",0,0
"CGATGGCTCCTGTAGA-1","0","1","non_cancer",0,0
"CGATTGAAGAGCTATA-1","0","1","non_cancer",0,0
"CGATTGACAAGACGTG-1","0","1","non_cancer",0,0
"CGCGGTACACATGGGA-1","0","1","non_cancer",0,0
"CGGACTGGTTAAGACA-1","0","1","non_cancer",0,0
"CGTAGGCTCGTATCAG-1","0","1","non_cancer",0,0
"CGTCCATCAGCCAGAA-1","0","1","non_cancer",0,0
"CGTCCATGTACAGCAG-1","0","1","non_cancer",0,0
"CGTTGGGGTTATCCGA-1","0","1","non_cancer",0,0
"CGTTGGGTCGGTTCGG-1","0","1","non_cancer",0,0
"CTACATTTCTGAGTGT-1","0","1","non_cancer",0,0
"CTAGCCTGTGCCTGTG-1","0","1","non_cancer",0,0
"CTAGCCTTCTTGAGAC-1","0","1","non_cancer",0,0
"CTCACACTCCGTTGTC-1","0","1","non_cancer",0,0
"CTCAGAACAGGTCCAC-1","0","1","non_cancer",0,0
"CTCAGAAGTTCAGTAC-1","0","1","non_cancer",0,0
"CTCAGAAGTTCCACTC-1","0","1","non_cancer",0,0
"CTCGTCATCTGGTGTA-1","0","1","non_cancer",0,0
"CTCTACGCACATCTTT-1","0.2","0.8","non_cancer",0,0
"CTCTGGTCAGGATTGG-1","0","1","non_cancer",0,0
"CTGATAGGTGCAACTT-1","0","1","non_cancer",0,0
"CTGCGGACACAACGTT-1","0","1","non_cancer",0,0
"CTTACCGGTAAGTTCC-1","0","1","non_cancer",0,0
"GACTAACAGCAACGGT-1","0","1","non_cancer",0,0
"GACTAACAGCCCTAAT-1","0","1","non_cancer",0,0
"GAGCAGACATAGGATA-1","0","1","non_cancer",0,0
"GATCGTACAGGTCGTC-1","0","1","non_cancer",0,0
"GATCTAGGTTCGTCTC-1","0","1","non_cancer",0,0
"GCAAACTCAAGTCTAC-1","0","1","non_cancer",0,0
"GCACATATCTTGAGAC-1","0","1","non_cancer",0,0
"GCATGTAAGGTGTTAA-1","0","1","non_cancer",0,0
"GCGCAGTGTGGCAAAC-1","0","1","non_cancer",0,0
"GCGGGTTTCCTTAATC-1","0","1","non_cancer",0,0
"GCTGCGAAGAGTCGGT-1","0","1","non_cancer",0,0
"GGACGTCCACGAAGCA-1","0","1","non_cancer",0,0
"GGACGTCTCACCCGAG-1","0","1","non_cancer",0,0
"GGCGTGTGTGAAATCA-1","0","1","non_cancer",0,0
"GGCTGGTAGCTAAGAT-1","0","1","non_cancer",0,0
"GGCTGGTCAATAGAGT-1","0","1","non_cancer",0,0
"GGGAATGAGAGACGAA-1","0","1","non_cancer",0,0
"GTACGTATCGTGGGAA-1","0","1","non_cancer",0,0
"GTCGGGTCAGATGGGT-1","0","1","non_cancer",0,0
"GTCGTAAGTCGCGTGT-1","0","1","non_cancer",0,0
"GTGCAGCGTGTTAAGA-1","0","1","non_cancer",0,0
"GTTCTCGCACCAGGTC-1","0","1","non_cancer",0,0
"TAAGAGATCCTTAATC-1","0","1","non_cancer",0,0
"TACCTATCAGACGTAG-1","0.2","0.8","non_cancer",0,0
"TACGGTAAGAGACGAA-1","0","1","non_cancer",0,0
"TATCAGGCAGGAATGC-1","0","1","non_cancer",0,0
"TCAACGACAGGGCATA-1","0","1","non_cancer",0,0
"TCAACGAGTCGGCACT-1","0","1","non_cancer",0,0
"TCACAAGCATCTCCCA-1","0","1","non_cancer",0,0
"TCACGAAAGACATAAC-1","0","1","non_cancer",0,0
"TCAGATGCATCCCACT-1","0","1","non_cancer",0,0
"TCAGCAATCAGTACGT-1","0","1","non_cancer",0,0
"TCAGCTCAGAAACGAG-1","0","1","non_cancer",0,0
"TCATTACAGCTGCAAG-1","0","1","non_cancer",0,0
"TCGTACCGTGGACGAT-1","0","1","non_cancer",0,0
"TCTCATAAGTACGCGA-1","0","1","non_cancer",0,0
"TCTGGAACATCGTCGG-1","0","1","non_cancer",0,0
"TCTTTCCCAGGGATTG-1","0","1","non_cancer",0,0
"TGACGGCAGCAGACTG-1","0","1","non_cancer",0,0
"TGAGAGGCAATGTAAG-1","0","1","non_cancer",0,0
"TGAGAGGCACATCCGG-1","0","1","non_cancer",0,0
"TGCGTGGTCACTATTC-1","0","1","non_cancer",0,0
"TGGCGCAAGCTCAACT-1","0","1","non_cancer",0,0
"TGTCCCAGTATTCGTG-1","0","1","non_cancer",0,0
"TGTTCCGAGTCGCCGT-1","0","1","non_cancer",0,0
"TTAGGACTCCATGCTC-1","0","1","non_cancer",0,0
"TTAGTTCAGATGGCGT-1","0","1","non_cancer",0,0
"TTAGTTCCATTTCAGG-1","0","1","non_cancer",0,0
"TTCCCAGGTGGCAAAC-1","0","1","non_cancer",0,0
"TTCTACACAGGAACGT-1","0","1","non_cancer",0,0
"TTCTACAGTATCACCA-1","0","1","non_cancer",0,0
"TTCTCCTCACTATCTT-1","0","1","non_cancer",0,0
"TTGCCGTAGGTGATAT-1","0","1","non_cancer",0,0
"TTTGCGCAGACATAAC-1","0","1","non_cancer",0,0
"TTTGGTTTCACGACTA-1","0","1","non_cancer",0,0
