"Row.names","class","confidentNormal","pred","label","freq_cancer","freq_non_cancer"
"AAACCTGAGTCGTTTG-1","normal",NA,0,1,NA,NA
"AAACCTGGTCAACATC-1","normal",NA,0,0,NA,NA
"AAACCTGTCAAACGGG-1","tumor",NA,1,1,NA,NA
"AAACGGGAGCGTAATA-1","normal",NA,0,0,NA,NA
"AAACGGGGTGGGTATG-1","tumor",NA,1,1,NA,NA
"AAACGGGTCAAGCCTA-1","normal",NA,0,1,NA,NA
"AAACGGGTCCAGGGCT-1","tumor",NA,1,1,NA,NA
"AAACGGGTCCAGTAGT-1","normal",NA,0,0,NA,NA
"AAACGGGTCTGCGACG-1","tumor",NA,1,1,NA,NA
"AAAGATGAGCAACGGT-1","filtered",NA,2,1,NA,NA
"AAAGATGAGGTGTTAA-1","normal",NA,0,0,NA,NA
"AAAGATGTCAAGAAGT-1","normal",NA,0,0,NA,NA
"AAAGATGTCCCAAGAT-1","normal",NA,0,0,NA,NA
"AAAGATGTCGCAAACT-1","tumor",NA,1,1,NA,NA
"AAAGCAAAGAATAGGG-1","normal",NA,0,1,NA,NA
"AAAGCAAAGACCTAGG-1","tumor",NA,1,1,NA,NA
"AAAGCAAGTCTCATCC-1","normal",NA,0,0,NA,NA
"AAAGCAATCAAAGACA-1","normal",NA,0,1,NA,NA
"AAAGCAATCAGTGCAT-1","tumor",NA,1,1,NA,NA
"AAAGCAATCATCGGAT-1","normal",NA,0,1,NA,NA
"AAAGTAGAGTGGTAAT-1","normal",NA,0,0,NA,NA
"AAAGTAGCAATAACGA-1","tumor",NA,1,1,NA,NA
"AAAGTAGCATCCTTGC-1","tumor",NA,1,1,NA,NA
"AAAGTAGTCAGCGACC-1","normal",NA,0,0,NA,NA
"AAAGTAGTCTAGAGTC-1","tumor",NA,1,1,NA,NA
"AAATGCCAGTGAAGTT-1","normal",NA,0,1,NA,NA
"AAATGCCGTATGAATG-1","tumor",NA,1,1,NA,NA
"AAATGCCGTTTCGCTC-1","tumor",NA,1,1,NA,NA
"AACACGTAGAGCTATA-1","tumor",NA,1,1,NA,NA
"AACACGTAGTTAGGTA-1","normal",NA,0,0,NA,NA
"AACACGTTCATCGGAT-1","normal",NA,0,1,NA,NA
"AACACGTTCGCTTGTC-1","normal",NA,0,0,NA,NA
"AACCATGCAGGACCCT-1","normal",NA,0,0,NA,NA
"AACCATGCATGAAGTA-1","normal",NA,0,0,NA,NA
"AACCATGCATTCACTT-1","tumor",NA,1,1,NA,NA
"AACCATGGTGTGAAAT-1","tumor",NA,1,1,NA,NA
"AACCGCGCATAGGATA-1","tumor",NA,1,1,NA,NA
"AACCGCGTCACTGGGC-1","filtered",NA,2,0,NA,NA
"AACGTTGAGGTGACCA-1","tumor",NA,1,1,NA,NA
"AACGTTGCAAAGGCGT-1","normal",NA,0,0,NA,NA
"AACGTTGCACCATGTA-1","tumor",NA,1,1,NA,NA
"AACGTTGGTCATCCCT-1","normal",NA,0,0,NA,NA
"AACGTTGTCGCAGGCT-1","normal",NA,0,1,NA,NA
"AACTCAGAGGCAGGTT-1","normal",NA,0,1,NA,NA
"AACTCAGGTACCGCTG-1","normal",NA,0,1,NA,NA
"AACTCAGGTGTTTGGT-1","tumor",NA,1,1,NA,NA
"AACTCAGTCATAGCAC-1","normal",NA,0,1,NA,NA
"AACTCCCAGCTCCTTC-1","tumor",NA,1,1,NA,NA
"AACTCCCAGTTAGGTA-1","normal",NA,0,0,NA,NA
"AACTCCCCAAACTGCT-1","tumor",NA,1,1,NA,NA
"AACTCCCGTCAGCTAT-1","tumor",NA,1,1,NA,NA
"AACTCCCTCCGTACAA-1","tumor",NA,1,1,NA,NA
"AACTCCCTCTCGGACG-1","tumor",NA,1,1,NA,NA
"AACTCTTGTTAGATGA-1","normal",NA,0,0,NA,NA
"AACTCTTTCTTGTTTG-1","tumor",NA,1,1,NA,NA
"AACTGGTCACGAAGCA-1","tumor",NA,1,1,NA,NA
"AACTGGTCATTAGCCA-1","tumor",NA,1,1,NA,NA
"AACTGGTCATTCGACA-1","tumor",NA,1,1,NA,NA
"AACTGGTGTGTGAATA-1","normal",NA,0,0,NA,NA
"AACTGGTTCCCGACTT-1","tumor",NA,1,1,NA,NA
"AACTTTCAGTATCTCG-1","filtered",NA,2,0,NA,NA
"AACTTTCAGTCCGGTC-1","normal",NA,0,0,NA,NA
"AACTTTCCAACCGCCA-1","filtered",NA,2,0,NA,NA
"AACTTTCCACGTAAGG-1","normal",NA,0,0,NA,NA
"AACTTTCTCGAGAGCA-1","normal",NA,0,1,NA,NA
"AAGACCTCACCGGAAA-1","tumor",NA,1,1,NA,NA
"AAGACCTGTCCGCTGA-1","normal",NA,0,1,NA,NA
"AAGACCTTCAAGGCTT-1","tumor",NA,1,1,NA,NA
"AAGACCTTCCTACAGA-1","tumor",NA,1,1,NA,NA
"AAGACCTTCTAACTGG-1","tumor",NA,1,1,NA,NA
"AAGCCGCAGGAGTACC-1","tumor",NA,1,1,NA,NA
"AAGCCGCCACAGGCCT-1","tumor",NA,1,0,NA,NA
"AAGCCGCCACTGTCGG-1","normal",NA,0,0,NA,NA
"AAGCCGCTCACTCTTA-1","normal",NA,0,1,NA,NA
"AAGGAGCCACGCGAAA-1","normal",NA,0,1,NA,NA
"AAGGAGCCAGCCAGAA-1","normal",NA,0,0,NA,NA
"AAGGAGCGTCGGATCC-1","filtered",NA,2,0,NA,NA
"AAGGAGCTCGACAGCC-1","tumor",NA,1,1,NA,NA
"AAGGCAGAGAACAACT-1","tumor",NA,1,1,NA,NA
"AAGGCAGAGAGCTGGT-1","normal",NA,0,0,NA,NA
"AAGGCAGAGTTCGCAT-1","normal",NA,0,0,NA,NA
"AAGGCAGCACCAGGTC-1","normal",NA,0,1,NA,NA
"AAGGCAGGTAGCGCTC-1","normal",NA,0,1,NA,NA
"AAGGCAGGTATGAAAC-1","normal",NA,0,0,NA,NA
"AAGGTTCAGAGGGATA-1","normal",NA,0,0,NA,NA
"AAGGTTCGTAGAGGAA-1","normal",NA,0,0,NA,NA
"AAGGTTCGTCGAGATG-1","tumor",NA,1,1,NA,NA
"AAGGTTCGTGCAACGA-1","normal",NA,0,0,NA,NA
"AAGGTTCGTGCAGGTA-1","tumor",NA,1,1,NA,NA
"AAGGTTCGTTAAGACA-1","normal",NA,0,1,NA,NA
"AAGTCTGCACAGATTC-1","tumor",NA,1,1,NA,NA
"AAGTCTGCAGTACACT-1","tumor",NA,1,1,NA,NA
"AAGTCTGTCAGGCAAG-1","normal",NA,0,0,NA,NA
"AAGTCTGTCCGCGGTA-1","normal",NA,0,0,NA,NA
"AAGTCTGTCGCGCCAA-1","normal",NA,0,0,NA,NA
"AATCCAGAGAATTCCC-1","normal",NA,0,0,NA,NA
"AATCCAGAGATGCCTT-1","normal",NA,0,0,NA,NA
"AATCCAGAGTTTAGGA-1","normal",NA,0,1,NA,NA
"AATCCAGCACACATGT-1","normal",NA,0,0,NA,NA
"AATCGGTAGAGCCCAA-1","filtered",NA,2,0,NA,NA
"AATCGGTGTACTTGAC-1","tumor",NA,1,1,NA,NA
"ACACCAAAGATCCCGC-1","normal",NA,0,1,NA,NA
"ACACCCTCAAGCCTAT-1","tumor",NA,1,1,NA,NA
"ACACCCTCATTTCACT-1","normal",NA,0,0,NA,NA
"ACACCCTTCACCCTCA-1","tumor",NA,1,1,NA,NA
"ACACCCTTCCTTGCCA-1","tumor",NA,1,1,NA,NA
"ACACCGGAGACTGTAA-1","normal",NA,0,1,NA,NA
"ACACCGGAGCTTCGCG-1","tumor",NA,1,1,NA,NA
"ACACCGGCATAAAGGT-1","normal",NA,0,0,NA,NA
"ACACCGGGTCTAGGTT-1","tumor",NA,1,1,NA,NA
"ACACCGGGTCTCCACT-1","tumor",NA,1,1,NA,NA
"ACACCGGGTGACAAAT-1","normal",NA,0,0,NA,NA
"ACACCGGTCATCATTC-1","normal",NA,0,0,NA,NA
"ACACTGACAGCCAGAA-1","normal",NA,0,0,NA,NA
"ACACTGACAGTACACT-1","filtered",NA,2,1,NA,NA
"ACACTGAGTCTAACGT-1","normal",NA,0,0,NA,NA
"ACACTGAGTCTGCGGT-1","normal",NA,0,0,NA,NA
"ACAGCCGAGTGTCCAT-1","normal",NA,0,0,NA,NA
"ACAGCCGGTCCGTCAG-1","tumor",NA,1,1,NA,NA
"ACAGCTAAGAAACGAG-1","tumor",NA,1,1,NA,NA
"ACAGCTAAGCACGCCT-1","normal",NA,0,0,NA,NA
"ACAGCTACATGCATGT-1","tumor",NA,1,1,NA,NA
"ACAGCTATCATTTGGG-1","filtered",NA,2,0,NA,NA
"ACATACGAGCCACTAT-1","normal",NA,0,1,NA,NA
"ACATACGAGCCCAACC-1","normal",NA,0,1,NA,NA
"ACATACGGTCGCATCG-1","normal",NA,0,0,NA,NA
"ACATCAGGTCCCGACA-1","normal",NA,0,0,NA,NA
"ACATCAGGTGACGCCT-1","normal",NA,0,1,NA,NA
"ACATCAGTCATGTGGT-1","normal",NA,0,0,NA,NA
"ACATGGTAGACAGGCT-1","normal",NA,0,1,NA,NA
"ACATGGTAGATGAGAG-1","tumor",NA,1,1,NA,NA
"ACATGGTCACGAAATA-1","normal",NA,0,0,NA,NA
"ACATGGTCAGTCAGCC-1","normal",NA,0,1,NA,NA
"ACATGGTGTCTAAACC-1","normal",NA,0,0,NA,NA
"ACATGGTTCGGAATCT-1","tumor",NA,1,1,NA,NA
"ACATGGTTCGTTGACA-1","tumor",NA,1,1,NA,NA
"ACCAGTATCCAGAGGA-1","normal",NA,0,1,NA,NA
"ACCAGTATCGCTTGTC-1","normal",NA,0,0,NA,NA
"ACCCACTAGCAGATCG-1","normal",NA,0,0,NA,NA
"ACCCACTCACACATGT-1","normal",NA,0,0,NA,NA
"ACCCACTGTAGGCTGA-1","normal",NA,0,0,NA,NA
"ACCCACTTCATCTGTT-1","normal",NA,0,0,NA,NA
"ACCCACTTCTGCGACG-1","normal",NA,0,0,NA,NA
"ACCGTAAAGCACAGGT-1","tumor",NA,1,1,NA,NA
"ACCGTAACACCAGTTA-1","normal",NA,0,1,NA,NA
"ACCGTAAGTAAGTTCC-1","normal",NA,0,0,NA,NA
"ACCGTAAGTCTCACCT-1","normal",NA,0,0,NA,NA
"ACCGTAATCAACGGGA-1","tumor",NA,1,1,NA,NA
"ACCTTTACATGGAATA-1","tumor",NA,1,1,NA,NA
"ACCTTTATCCGTCAAA-1","normal",NA,0,1,NA,NA
"ACCTTTATCTCGCTTG-1","tumor",NA,1,1,NA,NA
"ACGAGCCAGTGGTCCC-1","normal",NA,0,1,NA,NA
"ACGAGCCCAAGTAATG-1","tumor",NA,1,1,NA,NA
"ACGAGCCGTCCGAAGA-1","normal",NA,0,1,NA,NA
"ACGAGCCTCCAAGCCG-1","tumor",NA,1,1,NA,NA
"ACGAGCCTCGGTTCGG-1","normal",NA,0,0,NA,NA
"ACGAGCCTCTACTTAC-1","normal",NA,0,0,NA,NA
"ACGAGGACAAGACGTG-1","normal",NA,0,1,NA,NA
"ACGAGGAGTTGGGACA-1","normal",NA,0,1,NA,NA
"ACGATACCAAGCCTAT-1","normal",NA,0,0,NA,NA
"ACGATACGTAGCTTGT-1","normal",NA,0,1,NA,NA
"ACGATGTAGCTACCGC-1","tumor",NA,1,1,NA,NA
"ACGATGTAGTTGAGTA-1","normal",NA,0,0,NA,NA
"ACGATGTCATGCCTAA-1","tumor",NA,1,1,NA,NA
"ACGATGTGTCCAAGTT-1","filtered",NA,2,1,NA,NA
"ACGATGTTCTGAGGGA-1","normal",NA,0,0,NA,NA
"ACGCAGCGTGTTCTTT-1","tumor",NA,1,1,NA,NA
"ACGCAGCTCTACTCAT-1","filtered",NA,2,1,NA,NA
"ACGCCAGAGGACTGGT-1","normal",NA,0,0,NA,NA
"ACGCCAGAGGCAATTA-1","normal",NA,0,0,NA,NA
"ACGCCAGAGGGTGTGT-1","tumor",NA,1,1,NA,NA
"ACGCCAGGTACTCTCC-1","normal",NA,0,1,NA,NA
"ACGCCAGGTATTACCG-1","normal",NA,0,0,NA,NA
"ACGCCGATCCCTCTTT-1","normal",NA,0,0,NA,NA
"ACGCCGATCGCACTCT-1","normal",NA,0,0,NA,NA
"ACGGAGAAGAATGTGT-1","normal",NA,0,0,NA,NA
"ACGGAGACAATCACAC-1","normal",NA,0,0,NA,NA
"ACGGAGAGTCCAAGTT-1","normal",NA,0,0,NA,NA
"ACGGAGATCTGTTTGT-1","normal",NA,0,1,NA,NA
"ACGGCCACAAATTGCC-1","normal",NA,0,0,NA,NA
"ACGGCCACATAGACTC-1","normal",NA,0,0,NA,NA
"ACGGCCAGTTCACGGC-1","tumor",NA,1,1,NA,NA
"ACGGGCTCATCTCCCA-1","normal",NA,0,1,NA,NA
"ACGGGCTTCAGCTGGC-1","tumor",NA,1,1,NA,NA
"ACGGGTCCAACTTGAC-1","normal",NA,0,0,NA,NA
"ACGGGTCGTACCATCA-1","normal","yes",0,0,NA,NA
"ACGGGTCGTCCGCTGA-1","tumor",NA,1,1,NA,NA
"ACGGGTCGTCCTGCTT-1","normal",NA,0,1,NA,NA
"ACGGGTCGTGAAATCA-1","normal",NA,0,0,NA,NA
"ACGGGTCGTGTCAATC-1","filtered",NA,2,0,NA,NA
"ACGGGTCTCGCCCTTA-1","tumor",NA,1,1,NA,NA
"ACGTCAACACATCCGG-1","tumor",NA,1,1,NA,NA
"ACGTCAACACGGTAAG-1","normal",NA,0,1,NA,NA
"ACGTCAAGTACCGCTG-1","normal","yes",0,0,NA,NA
"ACGTCAAGTTATCCGA-1","normal",NA,0,0,NA,NA
"ACGTCAATCCTATTCA-1","tumor",NA,1,1,NA,NA
"ACTATCTCAAAGCGGT-1","normal",NA,0,0,NA,NA
"ACTATCTCAGAAGCAC-1","normal",NA,0,0,NA,NA
"ACTGAACCAGCCTGTG-1","tumor",NA,1,0,NA,NA
"ACTGAACTCTTGCCGT-1","normal",NA,0,0,NA,NA
"ACTGAGTAGAACTGTA-1","normal",NA,0,0,NA,NA
"ACTGAGTAGCAGGTCA-1","normal",NA,0,0,NA,NA
"ACTGATGAGACTCGGA-1","normal",NA,0,0,NA,NA
"ACTGATGGTGACGGTA-1","tumor",NA,1,1,NA,NA
"ACTGATGTCAAACAAG-1","normal",NA,0,0,NA,NA
"ACTGATGTCGATCCCT-1","normal",NA,0,0,NA,NA
"ACTGCTCCAAACTGCT-1","normal",NA,0,0,NA,NA
"ACTGCTCCATTGCGGC-1","tumor",NA,1,1,NA,NA
"ACTGCTCGTGCCTGTG-1","tumor",NA,1,1,NA,NA
"ACTGTCCCAGCTGGCT-1","normal",NA,0,0,NA,NA
"ACTGTCCCAGTGACAG-1","normal",NA,0,1,NA,NA
"ACTGTCCTCAGATAAG-1","normal",NA,0,0,NA,NA
"ACTTACTAGGCACATG-1","tumor",NA,1,1,NA,NA
"ACTTACTGTATCTGCA-1","tumor",NA,1,1,NA,NA
"ACTTGTTAGCTCCCAG-1","tumor",NA,1,1,NA,NA
"ACTTGTTAGTAGTGCG-1","tumor",NA,1,1,NA,NA
"ACTTGTTCAGATTGCT-1","normal",NA,0,0,NA,NA
"ACTTGTTTCATAACCG-1","normal",NA,0,0,NA,NA
"ACTTGTTTCATGGTCA-1","normal",NA,0,0,NA,NA
"ACTTTCAAGGTCATCT-1","normal",NA,0,0,NA,NA
"ACTTTCACAAGTTGTC-1","normal",NA,0,0,NA,NA
"ACTTTCATCTGAGGGA-1","tumor",NA,1,1,NA,NA
"ACTTTCATCTTCTGGC-1","tumor",NA,1,1,NA,NA
"AGAATAGAGTCCTCCT-1","filtered",NA,2,1,NA,NA
"AGAATAGCAGCGTTCG-1","tumor",NA,1,1,NA,NA
"AGACGTTAGAGACGAA-1","tumor",NA,1,1,NA,NA
"AGACGTTAGGATGGAA-1","normal",NA,0,0,NA,NA
"AGACGTTAGTGTCCAT-1","normal",NA,0,0,NA,NA
"AGACGTTCAATAAGCA-1","tumor",NA,1,1,NA,NA
"AGACGTTCACATCTTT-1","tumor",NA,1,1,NA,NA
"AGACGTTGTAGTGAAT-1","tumor",NA,1,1,NA,NA
"AGACGTTTCCTTAATC-1","tumor",NA,1,1,NA,NA
"AGACGTTTCTCACATT-1","filtered",NA,2,0,NA,NA
"AGACGTTTCTCTTATG-1","tumor",NA,1,1,NA,NA
"AGAGCGAAGCACAGGT-1","normal",NA,0,0,NA,NA
"AGAGCGAAGCGTTGCC-1","tumor",NA,1,1,NA,NA
"AGAGCGACATTTGCTT-1","normal",NA,0,0,NA,NA
"AGAGCGAGTGGGTCAA-1","tumor",NA,1,1,NA,NA
"AGAGCGATCCAGTAGT-1","tumor",NA,1,1,NA,NA
"AGAGCGATCTGTCAAG-1","normal",NA,0,1,NA,NA
"AGAGCTTGTCCATCCT-1","normal",NA,0,0,NA,NA
"AGAGCTTTCGGAGGTA-1","tumor",NA,1,1,NA,NA
"AGAGTGGAGATAGGAG-1","normal",NA,0,1,NA,NA
"AGAGTGGCAAACCTAC-1","tumor",NA,1,1,NA,NA
"AGAGTGGGTCCGACGT-1","normal",NA,0,0,NA,NA
"AGAGTGGGTGAAGGCT-1","tumor",NA,1,1,NA,NA
"AGATCTGCATTTCAGG-1","tumor",NA,1,1,NA,NA
"AGATCTGGTGAGGGTT-1","normal",NA,0,0,NA,NA
"AGATCTGGTGTGGCTC-1","normal",NA,0,1,NA,NA
"AGATTGCAGAGTAATC-1","normal",NA,0,1,NA,NA
"AGATTGCAGGCTATCT-1","normal",NA,0,0,NA,NA
"AGATTGCCAAGCTGAG-1","normal",NA,0,0,NA,NA
"AGATTGCCACATGTGT-1","normal",NA,0,0,NA,NA
"AGATTGCCACCCTATC-1","normal",NA,0,0,NA,NA
"AGATTGCTCATGCAAC-1","normal",NA,0,0,NA,NA
"AGCAGCCAGCATCATC-1","filtered",NA,2,1,NA,NA
"AGCAGCCAGCGATCCC-1","normal",NA,0,0,NA,NA
"AGCAGCCAGGAGTTTA-1","tumor",NA,1,1,NA,NA
"AGCATACAGAAGGTGA-1","normal",NA,0,0,NA,NA
"AGCATACAGTGGAGAA-1","normal",NA,0,0,NA,NA
"AGCATACCATCAGTCA-1","tumor",NA,1,1,NA,NA
"AGCATACGTGTATGGG-1","normal",NA,0,0,NA,NA
"AGCATACTCTGCCCTA-1","tumor",NA,1,1,NA,NA
"AGCCTAAAGCATGGCA-1","tumor",NA,1,1,NA,NA
"AGCCTAAAGTCCAGGA-1","normal",NA,0,0,NA,NA
"AGCCTAACAAGTTCTG-1","tumor",NA,1,1,NA,NA
"AGCCTAACATGTAAGA-1","normal",NA,0,0,NA,NA
"AGCCTAAGTACATCCA-1","normal",NA,0,1,NA,NA
"AGCCTAAGTGTCGCTG-1","normal",NA,0,0,NA,NA
"AGCCTAATCGGCTACG-1","tumor",NA,1,1,NA,NA
"AGCCTAATCTGATACG-1","normal",NA,0,0,NA,NA
"AGCCTAATCTTCCTTC-1","tumor",NA,1,1,NA,NA
"AGCGGTCCACCGATAT-1","normal",NA,0,0,NA,NA
"AGCGGTCCAGTCCTTC-1","tumor",NA,1,1,NA,NA
"AGCGGTCGTACAGACG-1","normal",NA,0,0,NA,NA
"AGCGGTCGTGGTTTCA-1","normal",NA,0,0,NA,NA
"AGCGGTCTCAAAGTAG-1","normal",NA,0,0,NA,NA
"AGCGGTCTCGGCGCTA-1","normal",NA,0,0,NA,NA
"AGCGTATCACAAGACG-1","tumor",NA,1,1,NA,NA
"AGCGTATGTCTTCTCG-1","normal",NA,0,1,NA,NA
"AGCGTATGTTAAAGAC-1","normal",NA,0,0,NA,NA
"AGCGTATTCTCAACTT-1","normal",NA,0,0,NA,NA
"AGCGTCGAGCCGATTT-1","normal",NA,0,1,NA,NA
"AGCGTCGGTCCGAAGA-1","tumor",NA,1,1,NA,NA
"AGCTCCTAGCGATAGC-1","normal",NA,0,1,NA,NA
"AGCTCCTAGCTAGGCA-1","normal",NA,0,1,NA,NA
"AGCTCCTCAACACCCG-1","normal",NA,0,0,NA,NA
"AGCTCCTCACGTCTCT-1","normal",NA,0,0,NA,NA
"AGCTCCTGTACAGTGG-1","normal",NA,0,1,NA,NA
"AGCTCCTTCATGTAGC-1","normal",NA,0,1,NA,NA
"AGCTCCTTCGAGCCCA-1","filtered",NA,2,1,NA,NA
"AGCTCTCAGGACAGAA-1","normal",NA,0,0,NA,NA
"AGCTCTCAGGAGTTTA-1","normal",NA,0,0,NA,NA
"AGCTCTCAGGTGGGTT-1","normal",NA,0,0,NA,NA
"AGCTTGACACTGTCGG-1","normal",NA,0,1,NA,NA
"AGCTTGAGTCTCAACA-1","normal",NA,0,0,NA,NA
"AGGCCACAGTACCGGA-1","normal",NA,0,0,NA,NA
"AGGCCACCAATTGCTG-1","normal",NA,0,0,NA,NA
"AGGCCACGTAACGTTC-1","normal",NA,0,0,NA,NA
"AGGCCACTCGAACGGA-1","tumor",NA,1,1,NA,NA
"AGGCCACTCTCTGAGA-1","filtered",NA,2,1,NA,NA
"AGGCCGTAGATGTAAC-1","tumor",NA,1,1,NA,NA
"AGGCCGTAGCACCGTC-1","normal",NA,0,0,NA,NA
"AGGCCGTAGGTAAACT-1","normal",NA,0,1,NA,NA
"AGGCCGTCATACTCTT-1","normal",NA,0,0,NA,NA
"AGGCCGTTCCGCATCT-1","tumor",NA,1,1,NA,NA
"AGGCCGTTCCGTACAA-1","filtered",NA,2,1,NA,NA
"AGGGAGTAGCCTCGTG-1","tumor",NA,1,1,NA,NA
"AGGGAGTGTAGCTTGT-1","normal",NA,0,0,NA,NA
"AGGGAGTTCACGCATA-1","normal",NA,0,0,NA,NA
"AGGGAGTTCTCATTCA-1","tumor",NA,1,1,NA,NA
"AGGGATGCAGCATACT-1","filtered",NA,2,0,NA,NA
"AGGGATGCAGTTTACG-1","tumor",NA,1,1,NA,NA
"AGGGTGAAGTGGACGT-1","normal",NA,0,0,NA,NA
"AGGGTGAGTAGAAGGA-1","tumor",NA,1,1,NA,NA
"AGGGTGAGTGTTAAGA-1","normal",NA,0,0,NA,NA
"AGGGTGAGTTAGGGTG-1","normal",NA,0,0,NA,NA
"AGGGTGATCCTTAATC-1","tumor",NA,1,1,NA,NA
"AGGGTGATCGAACGGA-1","normal",NA,0,1,NA,NA
"AGGTCATAGAGGTAGA-1","tumor",NA,1,1,NA,NA
"AGGTCATGTCATCCCT-1","normal",NA,0,0,NA,NA
"AGGTCATTCACATAGC-1","tumor",NA,1,1,NA,NA
"AGGTCCGAGAGGTAGA-1","tumor",NA,1,1,NA,NA
"AGGTCCGGTGTGACGA-1","normal",NA,0,0,NA,NA
"AGGTCCGGTTACCAGT-1","filtered",NA,2,0,NA,NA
"AGGTCCGTCTTGAGAC-1","filtered",NA,2,0,NA,NA
"AGTAGTCCATACCATG-1","normal",NA,0,0,NA,NA
"AGTAGTCGTAGCGTAG-1","tumor",NA,1,0,NA,NA
"AGTAGTCGTATTAGCC-1","normal",NA,0,1,NA,NA
"AGTAGTCTCCTTGACC-1","tumor",NA,1,1,NA,NA
"AGTCTTTGTCTAGCCG-1","normal",NA,0,1,NA,NA
"AGTCTTTTCAGCACAT-1","normal",NA,0,1,NA,NA
"AGTCTTTTCGTACGGC-1","tumor",NA,1,1,NA,NA
"AGTGAGGAGAATTGTG-1","normal",NA,0,0,NA,NA
"AGTGAGGAGTACGTAA-1","tumor",NA,1,1,NA,NA
"AGTGAGGGTCGCATCG-1","normal",NA,0,0,NA,NA
"AGTGAGGGTCTTCGTC-1","filtered",NA,2,0,NA,NA
"AGTGAGGTCCGAGCCA-1","normal",NA,0,0,NA,NA
"AGTGGGACAAGCCTAT-1","tumor",NA,1,1,NA,NA
"AGTGGGACACAGTCGC-1","tumor",NA,1,1,NA,NA
"AGTGGGACAGTCGATT-1","tumor",NA,1,1,NA,NA
"AGTGGGAGTTCACCTC-1","normal",NA,0,1,NA,NA
"AGTGGGATCAGTGCAT-1","tumor",NA,1,1,NA,NA
"AGTGGGATCGTTACAG-1","normal",NA,0,0,NA,NA
"AGTGTCACATTCTTAC-1","normal",NA,0,0,NA,NA
"AGTGTCATCACTTCAT-1","normal",NA,0,1,NA,NA
"AGTGTCATCGGTCTAA-1","normal",NA,0,0,NA,NA
"AGTGTCATCTTATCTG-1","tumor",NA,1,1,NA,NA
"AGTTGGTCAAGCCATT-1","normal",NA,0,0,NA,NA
"AGTTGGTCATACTACG-1","tumor",NA,1,1,NA,NA
"AGTTGGTGTCTGATCA-1","normal",NA,0,0,NA,NA
"AGTTGGTTCGTATCAG-1","tumor",NA,1,1,NA,NA
"ATAACGCAGCTAGTCT-1","normal",NA,0,0,NA,NA
"ATAACGCCAAACGTGG-1","normal",NA,0,0,NA,NA
"ATAACGCCAAGTAGTA-1","normal",NA,0,0,NA,NA
"ATAACGCCAATGAATG-1","tumor",NA,1,1,NA,NA
"ATAACGCCACAAGCCC-1","normal",NA,0,1,NA,NA
"ATAACGCTCACCTCGT-1","tumor",NA,1,1,NA,NA
"ATAACGCTCACTATTC-1","tumor",NA,1,1,NA,NA
"ATAAGAGAGTGGGCTA-1","tumor",NA,1,1,NA,NA
"ATAAGAGAGTTCGCAT-1","normal",NA,0,0,NA,NA
"ATAAGAGCAATCTGCA-1","normal",NA,0,1,NA,NA
"ATAAGAGCACTTAACG-1","filtered",NA,2,1,NA,NA
"ATAAGAGGTAAATACG-1","normal",NA,0,0,NA,NA
"ATAAGAGGTCCATCCT-1","normal",NA,0,0,NA,NA
"ATAAGAGTCACTCTTA-1","tumor",NA,1,1,NA,NA
"ATAAGAGTCCTAGGGC-1","normal",NA,0,1,NA,NA
"ATAGACCCAATGTTGC-1","normal",NA,0,0,NA,NA
"ATAGACCCACGTTGGC-1","tumor",NA,1,1,NA,NA
"ATAGACCCATATGAGA-1","normal",NA,0,0,NA,NA
"ATAGACCGTGTCCTCT-1","normal",NA,0,0,NA,NA
"ATCACGAAGACCTAGG-1","tumor",NA,1,1,NA,NA
"ATCACGAAGATGCCAG-1","tumor",NA,1,1,NA,NA
"ATCACGAAGTGTTAGA-1","filtered",NA,2,1,NA,NA
"ATCACGACATCGATGT-1","tumor",NA,1,1,NA,NA
"ATCACGAGTCTCAACA-1","tumor",NA,1,1,NA,NA
"ATCACGAGTGGGTATG-1","normal",NA,0,0,NA,NA
"ATCATCTAGGACCACA-1","tumor",NA,1,1,NA,NA
"ATCATCTAGGGCACTA-1","filtered",NA,2,1,NA,NA
"ATCATCTAGTACACCT-1","tumor",NA,1,1,NA,NA
"ATCATCTCAGCGAACA-1","tumor",NA,1,1,NA,NA
"ATCATCTGTCGCGTGT-1","tumor",NA,1,1,NA,NA
"ATCATCTGTCTGATCA-1","filtered",NA,2,1,NA,NA
"ATCATGGAGCGTAATA-1","normal",NA,0,0,NA,NA
"ATCATGGAGGCACATG-1","normal",NA,0,0,NA,NA
"ATCATGGCAGGAACGT-1","tumor",NA,1,1,NA,NA
"ATCATGGTCACATGCA-1","tumor",NA,1,1,NA,NA
"ATCATGGTCTGGTATG-1","normal",NA,0,0,NA,NA
"ATCATGGTCTTAGCCC-1","tumor",NA,1,1,NA,NA
"ATCCACCAGCACCGCT-1","normal",NA,0,0,NA,NA
"ATCCACCAGGTCATCT-1","tumor",NA,1,1,NA,NA
"ATCCACCCATCGGAAG-1","normal",NA,0,1,NA,NA
"ATCCACCGTAGCGCAA-1","normal",NA,0,0,NA,NA
"ATCCGAAAGAGATGAG-1","normal",NA,0,1,NA,NA
"ATCCGAAAGAGTTGGC-1","normal",NA,0,0,NA,NA
"ATCCGAAAGCTTATCG-1","normal",NA,0,0,NA,NA
"ATCCGAAGTGGACGAT-1","normal",NA,0,1,NA,NA
"ATCCGAAGTGGTTTCA-1","normal",NA,0,0,NA,NA
"ATCGAGTAGACATAAC-1","tumor",NA,1,1,NA,NA
"ATCGAGTCACAAGACG-1","tumor",NA,1,1,NA,NA
"ATCGAGTCATGGTTGT-1","normal",NA,0,0,NA,NA
"ATCGAGTTCAAACCGT-1","normal",NA,0,0,NA,NA
"ATCTACTAGATGGGTC-1","normal",NA,0,0,NA,NA
"ATCTACTTCAGCCTAA-1","normal",NA,0,0,NA,NA
"ATCTGCCGTCAACTGT-1","tumor",NA,1,1,NA,NA
"ATGAGGGAGGACACCA-1","tumor",NA,1,1,NA,NA
"ATGAGGGAGGCACATG-1","normal",NA,0,1,NA,NA
"ATGAGGGCACCTTGTC-1","tumor",NA,1,1,NA,NA
"ATGAGGGCATTGTGCA-1","normal",NA,0,0,NA,NA
"ATGCGATAGGGCTTCC-1","tumor",NA,1,1,NA,NA
"ATGCGATAGGTGATTA-1","normal",NA,0,0,NA,NA
"ATGCGATCAATGTAAG-1","tumor",NA,1,1,NA,NA
"ATGCGATCATCTGGTA-1","tumor",NA,1,1,NA,NA
"ATGCGATGTTACAGAA-1","tumor",NA,1,1,NA,NA
"ATGCGATTCCAAGTAC-1","tumor",NA,1,1,NA,NA
"ATGGGAGCATCGGACC-1","tumor",NA,1,1,NA,NA
"ATGTGTGGTTCCACTC-1","tumor",NA,1,1,NA,NA
"ATGTGTGTCAACGGCC-1","normal",NA,0,1,NA,NA
"ATGTGTGTCAACGGGA-1","normal",NA,0,0,NA,NA
"ATGTGTGTCTCCAACC-1","normal",NA,0,0,NA,NA
"ATTACTCCAACTGGCC-1","normal",NA,0,1,NA,NA
"ATTACTCCAAGAAAGG-1","normal",NA,0,1,NA,NA
"ATTATCCCACCCTATC-1","filtered",NA,2,1,NA,NA
"ATTATCCGTAAACGCG-1","normal",NA,0,1,NA,NA
"ATTCTACCAGGTCGTC-1","normal",NA,0,1,NA,NA
"ATTCTACTCCAAGCCG-1","normal",NA,0,0,NA,NA
"ATTCTACTCTCTGCTG-1","normal",NA,0,0,NA,NA
"ATTGGACAGAGACGAA-1","tumor",NA,1,1,NA,NA
"ATTGGACGTGGCGAAT-1","tumor",NA,1,1,NA,NA
"ATTGGACTCGTCTGAA-1","normal",NA,0,0,NA,NA
"ATTGGTGAGAGGTTAT-1","normal",NA,0,0,NA,NA
"ATTGGTGAGTCCTCCT-1","normal",NA,0,1,NA,NA
"ATTGGTGGTACATCCA-1","normal",NA,0,0,NA,NA
"ATTTCTGAGCATGGCA-1","filtered",NA,2,1,NA,NA
"ATTTCTGCATCATCCC-1","tumor",NA,1,1,NA,NA
"CAACCAACAATAACGA-1","normal",NA,0,0,NA,NA
"CAACCAAGTTCAGCGC-1","normal",NA,0,0,NA,NA
"CAACCAATCTTAGCCC-1","normal",NA,0,0,NA,NA
"CAACCTCAGTGGGTTG-1","normal",NA,0,1,NA,NA
"CAACCTCCACCTTGTC-1","tumor",NA,1,1,NA,NA
"CAACCTCCACTTGGAT-1","tumor",NA,1,1,NA,NA
"CAACCTCCATGCATGT-1","tumor",NA,1,1,NA,NA
"CAACCTCGTTATGTGC-1","tumor",NA,1,1,NA,NA
"CAACCTCTCGAATGGG-1","filtered",NA,2,1,NA,NA
"CAACTAGCAAGGACTG-1","normal",NA,0,1,NA,NA
"CAACTAGCATCGTCGG-1","normal",NA,0,0,NA,NA
"CAACTAGGTCTAGAGG-1","normal",NA,0,0,NA,NA
"CAAGAAAAGATACACA-1","tumor",NA,1,1,NA,NA
"CAAGAAAAGTACGACG-1","normal",NA,0,1,NA,NA
"CAAGAAACACTCTGTC-1","normal",NA,0,1,NA,NA
"CAAGAAAGTTGAACTC-1","normal",NA,0,0,NA,NA
"CAAGATCGTCGGCATC-1","normal",NA,0,1,NA,NA
"CAAGGCCCAAAGCAAT-1","normal","yes",0,0,NA,NA
"CAAGGCCCAGATGGGT-1","normal",NA,0,0,NA,NA
"CAAGTTGAGGTGACCA-1","normal",NA,0,0,NA,NA
"CAAGTTGCACTACAGT-1","normal",NA,0,0,NA,NA
"CAAGTTGCATGATCCA-1","normal",NA,0,0,NA,NA
"CAAGTTGGTCCCTTGT-1","tumor",NA,1,1,NA,NA
"CAAGTTGGTCTCCACT-1","normal","yes",0,0,NA,NA
"CAAGTTGGTTCCACTC-1","tumor",NA,1,1,NA,NA
"CAAGTTGTCTGCTTGC-1","normal",NA,0,0,NA,NA
"CACAAACTCCTTGCCA-1","normal",NA,0,0,NA,NA
"CACACAAGTAATAGCA-1","normal",NA,0,0,NA,NA
"CACACAAGTGCACGAA-1","filtered",NA,2,1,NA,NA
"CACACCTCATCGACGC-1","normal",NA,0,0,NA,NA
"CACACCTGTCAACTGT-1","normal",NA,0,0,NA,NA
"CACACCTGTCGCATAT-1","tumor",NA,1,1,NA,NA
"CACACCTTCTATCGCC-1","normal",NA,0,0,NA,NA
"CACACTCAGCAGCGTA-1","normal",NA,0,0,NA,NA
"CACACTCGTACAGTGG-1","normal",NA,0,0,NA,NA
"CACACTCTCGGAGCAA-1","normal",NA,0,1,NA,NA
"CACACTCTCGTTGCCT-1","normal",NA,0,0,NA,NA
"CACAGGCCACTCGACG-1","tumor",NA,1,1,NA,NA
"CACAGGCCATGAAGTA-1","tumor",NA,1,1,NA,NA
"CACAGGCGTCGCGAAA-1","normal",NA,0,0,NA,NA
"CACAGGCGTCTCCACT-1","tumor",NA,1,1,NA,NA
"CACAGGCGTTCCCGAG-1","normal",NA,0,0,NA,NA
"CACAGGCTCGTGGTCG-1","normal",NA,0,0,NA,NA
"CACAGTACAAGGACTG-1","tumor",NA,1,1,NA,NA
"CACAGTACAGGAATGC-1","normal",NA,0,0,NA,NA
"CACAGTATCATATCGG-1","normal",NA,0,1,NA,NA
"CACAGTATCCTCAATT-1","normal",NA,0,0,NA,NA
"CACAGTATCGTCTGCT-1","normal",NA,0,0,NA,NA
"CACATAGAGTGTTGAA-1","tumor",NA,1,1,NA,NA
"CACATAGCACCAGATT-1","normal",NA,0,0,NA,NA
"CACATAGTCCACTCCA-1","normal",NA,0,1,NA,NA
"CACATAGTCCAGGGCT-1","tumor",NA,1,1,NA,NA
"CACATAGTCCCTTGTG-1","tumor",NA,1,1,NA,NA
"CACATTTAGGAGTTGC-1","filtered",NA,2,1,NA,NA
"CACATTTCATACTACG-1","normal",NA,0,0,NA,NA
"CACCACTCAAAGAATC-1","tumor",NA,1,1,NA,NA
"CACCACTCAGGGATTG-1","tumor",NA,1,1,NA,NA
"CACCACTGTACCGAGA-1","normal",NA,0,0,NA,NA
"CACCACTGTCCGAACC-1","normal",NA,0,0,NA,NA
"CACCACTGTCTAAAGA-1","normal",NA,0,1,NA,NA
"CACCAGGAGATCCCGC-1","tumor",NA,1,1,NA,NA
"CACCAGGAGCAGCCTC-1","normal",NA,0,1,NA,NA
"CACCAGGCAAACGTGG-1","normal",NA,0,0,NA,NA
"CACCTTGAGACGACGT-1","normal",NA,0,1,NA,NA
"CACCTTGCACTTAACG-1","normal",NA,0,0,NA,NA
"CACCTTGTCACGCATA-1","tumor",NA,1,1,NA,NA
"CACTCCAAGCCAGTTT-1","tumor",NA,1,1,NA,NA
"CACTCCATCCAAAGTC-1","normal",NA,0,0,NA,NA
"CACTCCATCTCCCTGA-1","tumor",NA,1,1,NA,NA
"CAGAATCGTACTTCTT-1","normal",NA,0,0,NA,NA
"CAGAATCGTCCCTACT-1","tumor",NA,1,1,NA,NA
"CAGAATCGTCGACTGC-1","tumor",NA,1,1,NA,NA
"CAGAATCGTCGGGTCT-1","normal",NA,0,0,NA,NA
"CAGAATCGTTGGGACA-1","normal",NA,0,0,NA,NA
"CAGAATCTCATATCGG-1","normal",NA,0,1,NA,NA
"CAGAATCTCATGTGGT-1","normal",NA,0,0,NA,NA
"CAGAATCTCCAAGCCG-1","tumor",NA,1,1,NA,NA
"CAGAATCTCGTTACAG-1","tumor",NA,1,1,NA,NA
"CAGAGAGGTAGCACGA-1","tumor",NA,1,1,NA,NA
"CAGAGAGTCATCATTC-1","normal",NA,0,1,NA,NA
"CAGAGAGTCCGATATG-1","normal",NA,0,0,NA,NA
"CAGAGAGTCTACTCAT-1","normal",NA,0,1,NA,NA
"CAGATCAAGCCCTAAT-1","tumor",NA,1,1,NA,NA
"CAGATCAAGCTTATCG-1","tumor",NA,1,1,NA,NA
"CAGATCAAGTGGACGT-1","normal",NA,0,0,NA,NA
"CAGATCAAGTTGCAGG-1","normal",NA,0,0,NA,NA
"CAGATCACATAAAGGT-1","normal",NA,0,1,NA,NA
"CAGATCAGTCTAGGTT-1","normal",NA,0,1,NA,NA
"CAGATCAGTGTATGGG-1","tumor",NA,1,1,NA,NA
"CAGCAGCAGACAAGCC-1","normal",NA,0,0,NA,NA
"CAGCAGCCAAAGTGCG-1","normal",NA,0,0,NA,NA
"CAGCAGCGTGTGACGA-1","normal",NA,0,0,NA,NA
"CAGCAGCTCGAATCCA-1","normal",NA,0,1,NA,NA
"CAGCAGCTCGCATGGC-1","normal",NA,0,0,NA,NA
"CAGCATAAGATCCGAG-1","normal",NA,0,0,NA,NA
"CAGCATAGTACGACCC-1","normal",NA,0,0,NA,NA
"CAGCCGAAGGACCACA-1","tumor",NA,1,1,NA,NA
"CAGCCGACACCACCAG-1","normal",NA,0,1,NA,NA
"CAGCCGATCCATGAAC-1","tumor",NA,1,1,NA,NA
"CAGCCGATCCTAGTGA-1","normal",NA,0,0,NA,NA
"CAGCCGATCTGGAGCC-1","filtered",NA,2,1,NA,NA
"CAGCGACCATTGGTAC-1","normal",NA,0,0,NA,NA
"CAGCGACGTCAGCTAT-1","normal",NA,0,0,NA,NA
"CAGCGACTCCGCGCAA-1","normal",NA,0,1,NA,NA
"CAGCGACTCTGTGCAA-1","normal",NA,0,0,NA,NA
"CAGCTAAAGAACTCGG-1","normal","yes",0,0,NA,NA
"CAGCTAAAGAGTAAGG-1","normal",NA,0,0,NA,NA
"CAGCTGGAGGGTATCG-1","tumor",NA,1,1,NA,NA
"CAGCTGGCAGGAATGC-1","normal",NA,0,0,NA,NA
"CAGCTGGTCGGCGGTT-1","normal",NA,0,0,NA,NA
"CAGCTGGTCGGTCTAA-1","normal",NA,0,1,NA,NA
"CAGGTGCCAATTCCTT-1","normal",NA,0,0,NA,NA
"CAGGTGCGTAGAGGAA-1","tumor",NA,1,1,NA,NA
"CAGGTGCGTATAGGTA-1","tumor",NA,1,1,NA,NA
"CAGGTGCTCAGGCCCA-1","tumor",NA,1,1,NA,NA
"CAGGTGCTCTGGTGTA-1","normal",NA,0,1,NA,NA
"CAGGTGCTCTTGGGTA-1","normal",NA,0,1,NA,NA
"CAGTAACCAAGTTGTC-1","tumor",NA,1,1,NA,NA
"CAGTAACTCAGGCAAG-1","normal",NA,0,1,NA,NA
"CAGTAACTCCGGGTGT-1","normal",NA,0,1,NA,NA
"CAGTAACTCCTTTACA-1","normal",NA,0,1,NA,NA
"CAGTCCTCAATGTTGC-1","normal",NA,0,1,NA,NA
"CAGTCCTCAGCTTCGG-1","tumor",NA,1,1,NA,NA
"CAGTCCTCATCCAACA-1","normal",NA,0,0,NA,NA
"CAGTCCTTCAGTTAGC-1","tumor",NA,1,1,NA,NA
"CATATGGAGAGACTTA-1","normal",NA,0,1,NA,NA
"CATATGGAGTCCAGGA-1","normal",NA,0,1,NA,NA
"CATATGGCAGCTGTAT-1","tumor",NA,1,1,NA,NA
"CATATGGGTCTGATCA-1","tumor",NA,1,1,NA,NA
"CATATGGGTGAGTATA-1","normal",NA,0,1,NA,NA
"CATATGGTCCGCAGTG-1","normal",NA,0,0,NA,NA
"CATATTCGTCAGCTAT-1","filtered",NA,2,1,NA,NA
"CATATTCGTGGTCCGT-1","normal",NA,0,0,NA,NA
"CATATTCTCTCTAAGG-1","normal",NA,0,1,NA,NA
"CATCAAGGTACATCCA-1","tumor",NA,1,0,NA,NA
"CATCAAGGTACCATCA-1","normal",NA,0,0,NA,NA
"CATCAAGTCGCTAGCG-1","normal",NA,0,1,NA,NA
"CATCAGAAGTAGCGGT-1","tumor",NA,1,1,NA,NA
"CATCCACAGCAATATG-1","tumor",NA,1,1,NA,NA
"CATCCACAGCCACGTC-1","normal",NA,0,0,NA,NA
"CATCCACAGGTGTTAA-1","normal",NA,0,0,NA,NA
"CATCCACAGTAGCCGA-1","normal",NA,0,0,NA,NA
"CATCCACAGTTCCACA-1","normal",NA,0,0,NA,NA
"CATCCACCATACTCTT-1","normal",NA,0,0,NA,NA
"CATCCACGTCATGCCG-1","normal",NA,0,0,NA,NA
"CATCGAATCGTCTGCT-1","normal",NA,0,0,NA,NA
"CATCGGGCAACCGCCA-1","tumor",NA,1,1,NA,NA
"CATCGGGCAGACACTT-1","normal",NA,0,1,NA,NA
"CATCGGGTCAGTGTTG-1","tumor",NA,1,1,NA,NA
"CATGACAAGACCTAGG-1","normal",NA,0,0,NA,NA
"CATGACACAGCGTCCA-1","normal",NA,0,0,NA,NA
"CATGACAGTTGGAGGT-1","normal",NA,0,0,NA,NA
"CATGACATCACGACTA-1","normal",NA,0,0,NA,NA
"CATGACATCAGGCCCA-1","tumor",NA,1,1,NA,NA
"CATGCCTAGTGTGAAT-1","normal",NA,0,1,NA,NA
"CATGCCTCAGCGAACA-1","normal",NA,0,1,NA,NA
"CATGCCTCAGTAAGAT-1","tumor",NA,1,1,NA,NA
"CATGCCTCATCAGTCA-1","normal",NA,0,0,NA,NA
"CATGCCTCATCGACGC-1","tumor",NA,1,1,NA,NA
"CATGGCGAGCTAACTC-1","normal",NA,0,1,NA,NA
"CATGGCGTCAACCAAC-1","normal",NA,0,0,NA,NA
"CATGGCGTCCGATATG-1","tumor",NA,1,1,NA,NA
"CATGGCGTCCGCATAA-1","normal",NA,0,1,NA,NA
"CATTATCCACAACGCC-1","tumor",NA,1,1,NA,NA
"CATTATCGTACACCGC-1","tumor",NA,1,1,NA,NA
"CATTATCGTACAGACG-1","normal",NA,0,0,NA,NA
"CATTCGCCACATGACT-1","normal",NA,0,0,NA,NA
"CATTCGCCATATACGC-1","tumor",NA,1,1,NA,NA
"CCAATCCAGGAGCGTT-1","normal",NA,0,1,NA,NA
"CCAATCCAGTTAAGTG-1","tumor",NA,1,1,NA,NA
"CCAATCCCAACTGGCC-1","normal",NA,0,0,NA,NA
"CCAATCCCAATGAAAC-1","normal",NA,0,1,NA,NA
"CCAATCCTCAGGCAAG-1","normal",NA,0,0,NA,NA
"CCAATCCTCCGTTGCT-1","filtered",NA,2,1,NA,NA
"CCACCTACAGAGCCAA-1","tumor",NA,1,1,NA,NA
"CCACCTACAGATCCAT-1","normal",NA,0,0,NA,NA
"CCACCTATCATCGATG-1","tumor",NA,1,1,NA,NA
"CCACCTATCCTGTAGA-1","normal",NA,0,0,NA,NA
"CCACCTATCGTGTAGT-1","normal",NA,0,0,NA,NA
"CCACCTATCGTTGCCT-1","normal",NA,0,0,NA,NA
"CCACCTATCTAACGGT-1","normal",NA,0,0,NA,NA
"CCACGGAAGCGAGAAA-1","tumor",NA,1,1,NA,NA
"CCACGGACACAGGCCT-1","normal",NA,0,1,NA,NA
"CCACGGATCAATAAGG-1","normal",NA,0,0,NA,NA
"CCACTACAGACTTGAA-1","normal",NA,0,0,NA,NA
"CCACTACCAAACAACA-1","normal",NA,0,1,NA,NA
"CCACTACGTACAAGTA-1","tumor",NA,1,1,NA,NA
"CCACTACGTGCTAGCC-1","tumor",NA,1,1,NA,NA
"CCACTACGTTACGACT-1","tumor",NA,1,1,NA,NA
"CCACTACGTTGAGGTG-1","tumor",NA,1,1,NA,NA
"CCACTACTCGGAGCAA-1","normal",NA,0,0,NA,NA
"CCAGCGACAAAGTCAA-1","normal",NA,0,0,NA,NA
"CCAGCGACATTTGCCC-1","normal",NA,0,0,NA,NA
"CCAGCGAGTTCCCGAG-1","normal",NA,0,0,NA,NA
"CCAGCGATCCTGTAGA-1","normal",NA,0,0,NA,NA
"CCAGCGATCGGAAACG-1","tumor",NA,1,1,NA,NA
"CCATGTCAGGTGCACA-1","normal",NA,0,1,NA,NA
"CCATGTCAGTACTTGC-1","tumor",NA,1,1,NA,NA
"CCATTCGCAGGATCGA-1","normal",NA,0,0,NA,NA
"CCCAATCCAAGACACG-1","normal",NA,0,1,NA,NA
"CCCAATCCATCAGTAC-1","tumor",NA,1,1,NA,NA
"CCCAATCGTCTAGTCA-1","tumor",NA,1,1,NA,NA
"CCCAATCTCGGGAGTA-1","normal",NA,0,1,NA,NA
"CCCAATCTCTGTCTAT-1","tumor",NA,1,1,NA,NA
"CCCAGTTAGCTAGTCT-1","tumor",NA,1,1,NA,NA
"CCCAGTTCATCGATTG-1","tumor",NA,1,1,NA,NA
"CCCAGTTTCGCGCCAA-1","tumor",NA,1,1,NA,NA
"CCCAGTTTCTGTTTGT-1","tumor",NA,1,1,NA,NA
"CCCATACTCAACGGGA-1","normal",NA,0,1,NA,NA
"CCCTCCTCATGCATGT-1","tumor",NA,1,1,NA,NA
"CCCTCCTGTGCAGACA-1","normal",NA,0,1,NA,NA
"CCCTCCTTCATGTAGC-1","tumor",NA,1,1,NA,NA
"CCCTCCTTCCGGCACA-1","tumor",NA,1,1,NA,NA
"CCCTCCTTCCTAGGGC-1","normal","yes",0,0,NA,NA
"CCCTCCTTCCTCATTA-1","tumor",NA,1,1,NA,NA
"CCGGGATCACACCGCA-1","normal",NA,0,0,NA,NA
"CCGGGATCACTTGGAT-1","normal",NA,0,0,NA,NA
"CCGGGATGTCCAACTA-1","normal",NA,0,1,NA,NA
"CCGGGATTCACTCTTA-1","tumor",NA,1,1,NA,NA
"CCGGGATTCGCAGGCT-1","tumor",NA,1,1,NA,NA
"CCGGTAGAGGCTAGAC-1","normal",NA,0,0,NA,NA
"CCGGTAGGTCTCACCT-1","normal",NA,0,0,NA,NA
"CCGGTAGTCCGTCATC-1","normal",NA,0,1,NA,NA
"CCGTACTAGCTGCGAA-1","filtered",NA,2,1,NA,NA
"CCGTACTAGGGAGTAA-1","tumor",NA,1,1,NA,NA
"CCGTACTGTACCGGCT-1","normal","yes",0,0,NA,NA
"CCGTACTGTCAGGACA-1","normal",NA,0,0,NA,NA
"CCGTGGAAGATCCCGC-1","normal",NA,0,0,NA,NA
"CCGTGGAAGCCGCCTA-1","tumor",NA,1,1,NA,NA
"CCGTGGAAGTTCGATC-1","tumor",NA,1,1,NA,NA
"CCGTGGACAATCCAAC-1","tumor",NA,1,1,NA,NA
"CCGTGGAGTAGCTGCC-1","normal",NA,0,0,NA,NA
"CCGTGGAGTCTAAAGA-1","tumor",NA,1,1,NA,NA
"CCGTGGAGTTGTCGCG-1","normal",NA,0,0,NA,NA
"CCGTTCAAGAAGGACA-1","normal",NA,0,0,NA,NA
"CCGTTCAAGGAATCGC-1","tumor",NA,1,1,NA,NA
"CCGTTCACACTCGACG-1","tumor",NA,1,1,NA,NA
"CCGTTCAGTGATAAGT-1","tumor",NA,1,1,NA,NA
"CCGTTCAGTTTCGCTC-1","normal",NA,0,1,NA,NA
"CCGTTCATCACCTCGT-1","tumor",NA,1,1,NA,NA
"CCTAAAGAGTATCGAA-1","tumor",NA,1,1,NA,NA
"CCTAAAGCAATGGAAT-1","tumor",NA,1,1,NA,NA
"CCTAAAGCACCGTTGG-1","tumor",NA,1,1,NA,NA
"CCTAAAGCACTTCTGC-1","tumor",NA,1,1,NA,NA
"CCTAAAGCATCCAACA-1","tumor",NA,1,1,NA,NA
"CCTAAAGGTCAGAAGC-1","tumor",NA,1,1,NA,NA
"CCTACACAGGAGTTTA-1","tumor",NA,1,1,NA,NA
"CCTACACAGGGATCTG-1","tumor",NA,1,1,NA,NA
"CCTACACGTTGTACAC-1","normal",NA,0,1,NA,NA
"CCTACCAAGTCCGGTC-1","tumor",NA,1,1,NA,NA
"CCTACCAGTATCAGTC-1","normal","yes",0,0,NA,NA
"CCTACCATCCTAGGGC-1","normal",NA,0,1,NA,NA
"CCTACCATCGCGGATC-1","normal",NA,0,0,NA,NA
"CCTAGCTCAGCGTTCG-1","tumor",NA,1,1,NA,NA
"CCTAGCTGTACGAAAT-1","tumor",NA,1,1,NA,NA
"CCTAGCTGTCAGTGGA-1","normal","yes",0,0,NA,NA
"CCTAGCTTCCATGAAC-1","tumor",NA,1,1,NA,NA
"CCTATTACAGAGCCAA-1","tumor",NA,1,1,NA,NA
"CCTATTACATAACCTG-1","tumor",NA,1,1,NA,NA
"CCTATTAGTCCCTACT-1","filtered",NA,2,0,NA,NA
"CCTATTATCCACGAAT-1","normal",NA,0,0,NA,NA
"CCTCAGTCAAAGAATC-1","tumor",NA,1,1,NA,NA
"CCTCAGTGTCTGATTG-1","tumor",NA,1,1,NA,NA
"CCTCAGTTCCACGAAT-1","normal",NA,0,0,NA,NA
"CCTCTGACAAGGGTCA-1","tumor",NA,1,1,NA,NA
"CCTCTGACACCACGTG-1","tumor",NA,1,1,NA,NA
"CCTCTGAGTACCATCA-1","tumor",NA,1,1,NA,NA
"CCTCTGAGTAGCAAAT-1","normal",NA,0,0,NA,NA
"CCTCTGAGTGAGGGTT-1","tumor",NA,1,1,NA,NA
"CCTCTGATCAACCATG-1","tumor",NA,1,1,NA,NA
"CCTTACGAGACGACGT-1","tumor",NA,1,1,NA,NA
"CCTTACGCAAGCCCAC-1","tumor",NA,1,1,NA,NA
"CCTTACGCATATGAGA-1","normal",NA,0,0,NA,NA
"CCTTACGGTAGAGGAA-1","tumor",NA,1,1,NA,NA
"CCTTACGGTAGGCATG-1","tumor",NA,1,1,NA,NA
"CCTTACGGTAGGGACT-1","normal",NA,0,0,NA,NA
"CCTTACGGTTATGTGC-1","normal",NA,0,0,NA,NA
"CCTTACGTCGCAAGCC-1","normal",NA,0,0,NA,NA
"CCTTCCCGTCACACGC-1","normal",NA,0,0,NA,NA
"CCTTCCCTCCCTTGCA-1","normal",NA,0,0,NA,NA
"CCTTCGAAGACCTTTG-1","normal",NA,0,0,NA,NA
"CCTTCGAAGATGTAAC-1","filtered",NA,2,1,NA,NA
"CCTTCGATCTGCTGCT-1","tumor",NA,1,1,NA,NA
"CCTTCGATCTTCGGTC-1","tumor",NA,1,1,NA,NA
"CCTTTCTCAAGTCATC-1","normal",NA,0,0,NA,NA
"CCTTTCTCACCCATGG-1","normal","yes",0,0,NA,NA
"CCTTTCTGTATTCGTG-1","tumor",NA,1,1,NA,NA
"CCTTTCTGTTGATTGC-1","normal",NA,0,0,NA,NA
"CGAACATCAGCTATTG-1","tumor",NA,1,1,NA,NA
"CGAACATCAGTAACGG-1","normal",NA,0,0,NA,NA
"CGAATGTAGATATGGT-1","tumor",NA,1,1,NA,NA
"CGAATGTAGTGCTGCC-1","normal",NA,0,1,NA,NA
"CGACCTTAGCAGACTG-1","normal",NA,0,1,NA,NA
"CGACCTTCAGTTAACC-1","normal",NA,0,1,NA,NA
"CGACCTTCATTCCTCG-1","tumor",NA,1,1,NA,NA
"CGAGAAGAGGGTCGAT-1","tumor",NA,1,1,NA,NA
"CGAGAAGAGTACTTGC-1","normal",NA,0,0,NA,NA
"CGAGAAGAGTTGTCGT-1","normal",NA,0,0,NA,NA
"CGAGAAGCAAGCTGTT-1","tumor",NA,1,1,NA,NA
"CGAGAAGGTGAGGGTT-1","normal",NA,0,0,NA,NA
"CGAGAAGTCGCGGATC-1","normal",NA,0,0,NA,NA
"CGAGAAGTCTGAGGGA-1","tumor",NA,1,1,NA,NA
"CGAGCACAGTCACGCC-1","normal",NA,0,0,NA,NA
"CGAGCACAGTGTGGCA-1","normal",NA,0,0,NA,NA
"CGAGCACTCACTGGGC-1","normal",NA,0,0,NA,NA
"CGAGCCAAGCAGCGTA-1","tumor",NA,1,1,NA,NA
"CGAGCCAAGTGTGAAT-1","tumor",NA,1,1,NA,NA
"CGAGCCACACGCGAAA-1","normal",NA,0,0,NA,NA
"CGAGCCATCATAGCAC-1","tumor",NA,1,1,NA,NA
"CGATCGGAGAAACCAT-1","tumor",NA,1,1,NA,NA
"CGATCGGCACAGACTT-1","tumor",NA,1,1,NA,NA
"CGATCGGCACCGCTAG-1","normal",NA,0,0,NA,NA
"CGATCGGCAGGGAGAG-1","normal",NA,0,1,NA,NA
"CGATCGGGTCGCGTGT-1","tumor",NA,1,1,NA,NA
"CGATCGGTCCTCATTA-1","normal",NA,0,1,NA,NA
"CGATGGCAGGTGCTTT-1","tumor",NA,1,1,NA,NA
"CGATGGCAGTGACATA-1","filtered",NA,2,1,NA,NA
"CGATGGCCAGGACGTA-1","tumor",NA,1,1,NA,NA
"CGATGGCCAGGGTTAG-1","normal",NA,0,0,NA,NA
"CGATGGCTCAACGGGA-1","normal",NA,0,0,NA,NA
"CGATGGCTCCTGTAGA-1","normal",NA,0,0,NA,NA
"CGATGGCTCTGAGGGA-1","normal",NA,0,1,NA,NA
"CGATGTAAGAAGAAGC-1","normal",NA,0,0,NA,NA
"CGATGTAAGCTATGCT-1","tumor",NA,1,1,NA,NA
"CGATGTAAGTGACTCT-1","normal",NA,0,0,NA,NA
"CGATTGAAGAGAACAG-1","normal",NA,0,1,NA,NA
"CGATTGAAGAGCTATA-1","normal",NA,0,0,NA,NA
"CGATTGACAAGACGTG-1","normal",NA,0,0,NA,NA
"CGATTGACACGAGGTA-1","tumor",NA,1,1,NA,NA
"CGATTGACAGACAAGC-1","normal",NA,0,1,NA,NA
"CGATTGATCAACACCA-1","tumor",NA,1,1,NA,NA
"CGATTGATCTGGCGTG-1","normal",NA,0,0,NA,NA
"CGATTGATCTTGGGTA-1","normal",NA,0,0,NA,NA
"CGCCAAGAGGACATTA-1","normal",NA,0,0,NA,NA
"CGCCAAGTCCCTAATT-1","tumor",NA,1,1,NA,NA
"CGCGGTACACAGTCGC-1","normal",NA,0,0,NA,NA
"CGCGGTACACATGGGA-1","normal","yes",0,0,NA,NA
"CGCGGTACATGAACCT-1","normal",NA,0,1,NA,NA
"CGCGGTATCATCATTC-1","normal",NA,0,0,NA,NA
"CGCGTTTTCCCTCTTT-1","tumor",NA,1,1,NA,NA
"CGCGTTTTCCTCCTAG-1","normal",NA,0,0,NA,NA
"CGCTATCCAATGTAAG-1","tumor",NA,1,1,NA,NA
"CGCTATCGTAAGAGGA-1","tumor",NA,1,1,NA,NA
"CGCTATCGTTCTCATT-1","tumor",NA,1,1,NA,NA
"CGCTATCTCATTATCC-1","normal",NA,0,0,NA,NA
"CGCTATCTCGGTGTTA-1","normal",NA,0,0,NA,NA
"CGCTGGAGTCTAACGT-1","tumor",NA,1,1,NA,NA
"CGCTGGAGTTCCCTTG-1","normal",NA,0,0,NA,NA
"CGCTTCATCCGTACAA-1","tumor",NA,1,1,NA,NA
"CGCTTCATCGAGAACG-1","normal",NA,0,0,NA,NA
"CGGACACTCGCGGATC-1","tumor",NA,1,1,NA,NA
"CGGACGTAGCAGCCTC-1","normal",NA,0,0,NA,NA
"CGGACGTGTGCAACGA-1","normal",NA,0,1,NA,NA
"CGGACTGGTAGCCTCG-1","tumor",NA,1,1,NA,NA
"CGGACTGGTTAAGACA-1","normal",NA,0,0,NA,NA
"CGGAGCTAGGATGCGT-1","normal",NA,0,0,NA,NA
"CGGAGCTCAATACGCT-1","tumor",NA,1,1,NA,NA
"CGGAGCTCACAGAGGT-1","tumor",NA,1,1,NA,NA
"CGGAGCTCATGGTTGT-1","normal",NA,0,1,NA,NA
"CGGAGCTTCCGCATAA-1","normal",NA,0,0,NA,NA
"CGGAGCTTCTTGAGAC-1","normal",NA,0,0,NA,NA
"CGGAGTCAGACTAGAT-1","normal",NA,0,0,NA,NA
"CGGAGTCAGTCGCCGT-1","tumor",NA,1,1,NA,NA
"CGGAGTCCAACTGCTA-1","tumor",NA,1,1,NA,NA
"CGGAGTCCAAGGTGTG-1","tumor",NA,1,1,NA,NA
"CGGAGTCGTAGTAGTA-1","tumor",NA,1,1,NA,NA
"CGGAGTCGTGTTGGGA-1","tumor",NA,1,1,NA,NA
"CGGAGTCGTTCTCATT-1","tumor",NA,1,1,NA,NA
"CGGAGTCTCGTCACGG-1","normal",NA,0,0,NA,NA
"CGGCTAGAGCGATATA-1","tumor",NA,1,1,NA,NA
"CGGCTAGTCAGCAACT-1","normal",NA,0,0,NA,NA
"CGGGTCAGTTGTCTTT-1","normal",NA,0,0,NA,NA
"CGGGTCATCAACACGT-1","normal",NA,0,1,NA,NA
"CGGTTAAAGTGACATA-1","tumor",NA,1,1,NA,NA
"CGGTTAACATTAACCG-1","normal",NA,0,0,NA,NA
"CGGTTAAGTGCACGAA-1","normal",NA,0,0,NA,NA
"CGTAGCGAGTAGCGGT-1","normal",NA,0,1,NA,NA
"CGTAGCGAGTCATGCT-1","normal",NA,0,1,NA,NA
"CGTAGCGGTTGTCGCG-1","normal",NA,0,1,NA,NA
"CGTAGGCAGCCGATTT-1","tumor",NA,1,1,NA,NA
"CGTAGGCCAGGCTCAC-1","normal",NA,0,0,NA,NA
"CGTAGGCGTGTCTGAT-1","normal",NA,0,0,NA,NA
"CGTAGGCTCGTATCAG-1","normal",NA,0,0,NA,NA
"CGTCACTAGCCTATGT-1","normal",NA,0,1,NA,NA
"CGTCACTAGGATGGAA-1","normal",NA,0,0,NA,NA
"CGTCACTAGGTGTTAA-1","normal",NA,0,1,NA,NA
"CGTCACTAGTACATGA-1","tumor",NA,1,1,NA,NA
"CGTCACTGTACTTGAC-1","normal",NA,0,0,NA,NA
"CGTCACTGTCGGGTCT-1","normal",NA,0,0,NA,NA
"CGTCACTTCTTAACCT-1","tumor",NA,1,1,NA,NA
"CGTCAGGAGTGAACAT-1","tumor",NA,1,1,NA,NA
"CGTCAGGCAAATACAG-1","normal",NA,0,1,NA,NA
"CGTCAGGTCCCAAGTA-1","tumor",NA,1,1,NA,NA
"CGTCAGGTCTTCTGGC-1","tumor",NA,1,1,NA,NA
"CGTCCATCAGCCAGAA-1","normal",NA,0,0,NA,NA
"CGTCCATCATCGACGC-1","tumor",NA,1,0,NA,NA
"CGTCCATGTACAGCAG-1","normal",NA,0,0,NA,NA
"CGTCTACAGGACCACA-1","tumor",NA,1,1,NA,NA
"CGTCTACTCCTCTAGC-1","tumor",NA,1,1,NA,NA
"CGTGAGCCAAACTGCT-1","tumor",NA,1,1,NA,NA
"CGTGAGCGTAGGGACT-1","normal",NA,0,0,NA,NA
"CGTGAGCGTTCGTGAT-1","tumor",NA,1,1,NA,NA
"CGTGAGCTCTCTTGAT-1","normal",NA,0,0,NA,NA
"CGTGTAACACCTGGTG-1","tumor",NA,1,1,NA,NA
"CGTGTAAGTCGTTGTA-1","normal",NA,0,0,NA,NA
"CGTGTAAGTTTCCACC-1","tumor",NA,1,1,NA,NA
"CGTGTCTAGACTGGGT-1","tumor",NA,1,1,NA,NA
"CGTGTCTCAGTGAGTG-1","normal",NA,0,0,NA,NA
"CGTGTCTGTAGCGCAA-1","normal",NA,0,0,NA,NA
"CGTGTCTTCAAACGGG-1","normal",NA,0,0,NA,NA
"CGTGTCTTCAAGATCC-1","tumor",NA,1,1,NA,NA
"CGTTCTGAGAATTGTG-1","tumor",NA,1,1,NA,NA
"CGTTCTGCATGCCACG-1","tumor",NA,1,1,NA,NA
"CGTTGGGAGCGTGTCC-1","tumor",NA,1,1,NA,NA
"CGTTGGGCACATCCGG-1","filtered",NA,2,1,NA,NA
"CGTTGGGGTTATCCGA-1","normal",NA,0,0,NA,NA
"CGTTGGGTCGGTTCGG-1","normal",NA,0,0,NA,NA
"CTAACTTCAGCGATCC-1","normal",NA,0,0,NA,NA
"CTAACTTCAGCTGTTA-1","normal",NA,0,0,NA,NA
"CTAACTTGTCGCCATG-1","tumor",NA,1,1,NA,NA
"CTAACTTTCAAAGTAG-1","normal",NA,0,0,NA,NA
"CTAACTTTCACATGCA-1","tumor",NA,1,1,NA,NA
"CTAACTTTCACCTTAT-1","normal",NA,0,0,NA,NA
"CTAACTTTCCAGTATG-1","tumor",NA,1,1,NA,NA
"CTAAGACAGAGAGCTC-1","normal",NA,0,0,NA,NA
"CTAAGACCAAGCTGGA-1","normal",NA,0,1,NA,NA
"CTAAGACTCAGTCCCT-1","filtered",NA,2,1,NA,NA
"CTAATGGCAAAGGCGT-1","normal",NA,0,0,NA,NA
"CTAATGGCATGTAGTC-1","normal",NA,0,0,NA,NA
"CTAATGGTCACAATGC-1","normal",NA,0,1,NA,NA
"CTACACCTCACCGTAA-1","normal",NA,0,0,NA,NA
"CTACACCTCGTCACGG-1","normal",NA,0,1,NA,NA
"CTACATTAGATTACCC-1","tumor",NA,1,1,NA,NA
"CTACATTGTCTTTCAT-1","normal",NA,0,0,NA,NA
"CTACATTTCTGAGTGT-1","normal",NA,0,0,NA,NA
"CTACCCAAGTCTCGGC-1","filtered",NA,2,1,NA,NA
"CTACCCACAAATCCGT-1","normal",NA,0,0,NA,NA
"CTACCCACACTTAAGC-1","normal",NA,0,0,NA,NA
"CTACCCACAGCGTCCA-1","normal",NA,0,0,NA,NA
"CTACCCAGTATAAACG-1","tumor",NA,1,1,NA,NA
"CTACCCAGTTCCGTCT-1","tumor",NA,1,1,NA,NA
"CTACCCATCAGTGTTG-1","normal",NA,0,1,NA,NA
"CTACGTCAGGGAGTAA-1","tumor",NA,1,1,NA,NA
"CTACGTCGTATAGGTA-1","tumor",NA,1,1,NA,NA
"CTACGTCGTTAAGAAC-1","tumor",NA,1,1,NA,NA
"CTACGTCTCTCGTATT-1","tumor",NA,1,1,NA,NA
"CTAGAGTAGAATAGGG-1","normal",NA,0,0,NA,NA
"CTAGAGTAGCTGAACG-1","normal",NA,0,0,NA,NA
"CTAGAGTAGGTGCTAG-1","filtered",NA,2,0,NA,NA
"CTAGAGTCAAGCGTAG-1","tumor",NA,1,1,NA,NA
"CTAGAGTCAGCCTATA-1","normal",NA,0,0,NA,NA
"CTAGAGTCATCACCCT-1","normal",NA,0,1,NA,NA
"CTAGAGTGTACGCACC-1","normal",NA,0,0,NA,NA
"CTAGAGTTCCAACCAA-1","tumor",NA,1,1,NA,NA
"CTAGCCTAGACCTTTG-1","normal",NA,0,0,NA,NA
"CTAGCCTCATAGGATA-1","tumor",NA,1,1,NA,NA
"CTAGCCTCATGAGCGA-1","tumor",NA,1,0,NA,NA
"CTAGCCTGTGCCTGTG-1","normal",NA,0,0,NA,NA
"CTAGCCTTCTTGAGAC-1","normal",NA,0,0,NA,NA
"CTAGTGAAGAGCTGGT-1","normal",NA,0,0,NA,NA
"CTAGTGAAGCCACTAT-1","normal",NA,0,1,NA,NA
"CTAGTGAAGCGACGTA-1","tumor",NA,1,1,NA,NA
"CTAGTGACAGACACTT-1","normal",NA,0,0,NA,NA
"CTAGTGACAGGGCATA-1","tumor",NA,1,1,NA,NA
"CTCACACAGCCAGTTT-1","normal",NA,0,1,NA,NA
"CTCACACAGGTGATAT-1","normal",NA,0,1,NA,NA
"CTCACACAGTGAATTG-1","tumor",NA,1,1,NA,NA
"CTCACACCATTCGACA-1","tumor",NA,1,0,NA,NA
"CTCACACCATTGAGCT-1","normal",NA,0,1,NA,NA
"CTCACACGTGTCAATC-1","normal",NA,0,1,NA,NA
"CTCACACTCCGTTGTC-1","normal",NA,0,0,NA,NA
"CTCACACTCTCGAGTA-1","tumor",NA,1,1,NA,NA
"CTCAGAAAGGTCATCT-1","normal",NA,0,1,NA,NA
"CTCAGAACAGGTCCAC-1","normal",NA,0,0,NA,NA
"CTCAGAAGTTCAGTAC-1","normal",NA,0,0,NA,NA
"CTCAGAAGTTCCACTC-1","normal",NA,0,0,NA,NA
"CTCAGAATCGTCCAGG-1","normal",NA,0,0,NA,NA
"CTCAGAATCTTCAACT-1","tumor",NA,1,1,NA,NA
"CTCATTAAGTCGATAA-1","normal",NA,0,0,NA,NA
"CTCATTACAGACTCGC-1","tumor",NA,1,1,NA,NA
"CTCATTACATATGCTG-1","tumor",NA,1,1,NA,NA
"CTCATTAGTCCAGTAT-1","tumor",NA,1,1,NA,NA
"CTCATTATCCCAAGTA-1","tumor",NA,1,1,NA,NA
"CTCATTATCGCAAGCC-1","tumor",NA,1,1,NA,NA
"CTCCTAGAGAACTCGG-1","tumor",NA,1,1,NA,NA
"CTCCTAGAGTGTCCCG-1","tumor",NA,1,1,NA,NA
"CTCCTAGTCGACAGCC-1","normal",NA,0,0,NA,NA
"CTCGAAAGTCGGCTCA-1","normal",NA,0,0,NA,NA
"CTCGAAATCTCTAGGA-1","normal",NA,0,0,NA,NA
"CTCGAGGAGGAATTAC-1","normal",NA,0,0,NA,NA
"CTCGAGGGTTGGGACA-1","tumor",NA,1,1,NA,NA
"CTCGAGGTCCATGCTC-1","filtered",NA,2,1,NA,NA
"CTCGAGGTCCTCAACC-1","tumor",NA,1,1,NA,NA
"CTCGGAGCATTGGGCC-1","tumor",NA,1,1,NA,NA
"CTCGGAGGTGGAAAGA-1","normal",NA,0,0,NA,NA
"CTCGGAGTCAGTGCAT-1","normal",NA,0,0,NA,NA
"CTCGGAGTCTCCAACC-1","normal",NA,0,0,NA,NA
"CTCGGAGTCTGCTTGC-1","tumor",NA,1,1,NA,NA
"CTCGGGAGTCCGTGAC-1","tumor",NA,1,1,NA,NA
"CTCGGGAGTCTCCACT-1","tumor",NA,1,1,NA,NA
"CTCGGGAGTTTACTCT-1","tumor",NA,1,1,NA,NA
"CTCGGGATCTCTGAGA-1","normal",NA,0,1,NA,NA
"CTCGTACAGAAGGTTT-1","normal",NA,0,1,NA,NA
"CTCGTACGTGAGCGAT-1","tumor",NA,1,1,NA,NA
"CTCGTACTCAAACGGG-1","normal",NA,0,1,NA,NA
"CTCGTCAAGATAGCAT-1","normal",NA,0,1,NA,NA
"CTCGTCAAGTGAATTG-1","normal",NA,0,0,NA,NA
"CTCGTCACACCGCTAG-1","normal",NA,0,0,NA,NA
"CTCGTCACAGCATACT-1","tumor",NA,1,1,NA,NA
"CTCGTCACAGTCAGCC-1","normal",NA,0,1,NA,NA
"CTCGTCATCTGGTGTA-1","normal",NA,0,0,NA,NA
"CTCTAATAGACAATAC-1","normal",NA,0,0,NA,NA
"CTCTAATAGGCACATG-1","normal",NA,0,0,NA,NA
"CTCTAATCAATGTAAG-1","normal",NA,0,0,NA,NA
"CTCTAATCAGCATGAG-1","tumor",NA,1,1,NA,NA
"CTCTAATGTTATGCGT-1","tumor",NA,1,1,NA,NA
"CTCTAATTCCACGACG-1","normal",NA,0,0,NA,NA
"CTCTAATTCCTATTCA-1","tumor",NA,1,1,NA,NA
"CTCTACGAGCTCCCAG-1","normal",NA,0,0,NA,NA
"CTCTACGCACATCTTT-1","normal",NA,0,0,NA,NA
"CTCTACGCATACAGCT-1","normal",NA,0,0,NA,NA
"CTCTACGCATCGTCGG-1","normal",NA,0,1,NA,NA
"CTCTACGCATTCACTT-1","tumor",NA,1,1,NA,NA
"CTCTACGGTAAACACA-1","tumor",NA,1,1,NA,NA
"CTCTACGTCAACACTG-1","normal","yes",0,0,NA,NA
"CTCTACGTCTCTGCTG-1","tumor",NA,1,1,NA,NA
"CTCTGGTCAGATGGGT-1","normal",NA,0,0,NA,NA
"CTCTGGTCAGGATTGG-1","normal",NA,0,0,NA,NA
"CTCTGGTTCTTTAGGG-1","normal",NA,0,1,NA,NA
"CTGAAACCAGATGAGC-1","normal",NA,0,0,NA,NA
"CTGAAACTCAGCTTAG-1","tumor",NA,1,1,NA,NA
"CTGAAGTAGCGATAGC-1","normal",NA,0,0,NA,NA
"CTGAAGTAGGCCATAG-1","tumor",NA,1,1,NA,NA
"CTGAAGTCAAACGTGG-1","tumor",NA,1,1,NA,NA
"CTGATAGAGGATGTAT-1","normal",NA,0,1,NA,NA
"CTGATAGAGGTGGGTT-1","normal",NA,0,1,NA,NA
"CTGATAGCACGACGAA-1","tumor",NA,1,1,NA,NA
"CTGATAGGTCACCTAA-1","tumor",NA,1,1,NA,NA
"CTGATAGGTCTTGCGG-1","normal",NA,0,0,NA,NA
"CTGATAGGTGCAACTT-1","normal",NA,0,0,NA,NA
"CTGATAGTCGAGAGCA-1","tumor",NA,1,1,NA,NA
"CTGATCCTCTAACTTC-1","normal",NA,0,0,NA,NA
"CTGCCTAAGCTGCAAG-1","normal","yes",0,0,NA,NA
"CTGCCTACAGCGTAAG-1","normal",NA,0,0,NA,NA
"CTGCGGAAGACCCACC-1","tumor",NA,1,1,NA,NA
"CTGCGGACACAACGTT-1","normal",NA,0,0,NA,NA
"CTGCGGACAGATGGGT-1","normal",NA,0,0,NA,NA
"CTGCGGATCTTTCCTC-1","tumor",NA,1,1,NA,NA
"CTGCTGTCACCAGCAC-1","tumor",NA,1,1,NA,NA
"CTGGTCTGTCACAAGG-1","normal",NA,0,1,NA,NA
"CTGGTCTTCAAACCGT-1","tumor",NA,1,1,NA,NA
"CTGGTCTTCAACCATG-1","tumor",NA,1,1,NA,NA
"CTGGTCTTCCTAAGTG-1","normal",NA,0,0,NA,NA
"CTGTGCTGTGGTGTAG-1","normal",NA,0,1,NA,NA
"CTGTTTACAGCGAACA-1","normal",NA,0,1,NA,NA
"CTGTTTATCAAGAAGT-1","normal",NA,0,0,NA,NA
"CTTAACTAGAATGTTG-1","normal",NA,0,0,NA,NA
"CTTAACTTCGAGCCCA-1","normal",NA,0,0,NA,NA
"CTTACCGAGTTGAGAT-1","normal",NA,0,0,NA,NA
"CTTACCGCATCGACGC-1","normal",NA,0,1,NA,NA
"CTTACCGCATCTCGCT-1","filtered",NA,2,1,NA,NA
"CTTACCGGTAAGTTCC-1","normal",NA,0,0,NA,NA
"CTTACCGGTAGCTCCG-1","tumor",NA,1,1,NA,NA
"CTTACCGGTATCACCA-1","normal",NA,0,1,NA,NA
"CTTACCGGTCCTCTTG-1","tumor",NA,1,1,NA,NA
"CTTACCGGTGACGCCT-1","tumor",NA,1,1,NA,NA
"CTTACCGTCTCTGTCG-1","normal",NA,0,1,NA,NA
"CTTAGGAAGCCACCTG-1","tumor",NA,1,1,NA,NA
"CTTAGGAAGGGCACTA-1","tumor",NA,1,1,NA,NA
"CTTAGGACAAGAGTCG-1","tumor",NA,1,1,NA,NA
"CTTAGGACACGACGAA-1","tumor",NA,1,1,NA,NA
"CTTAGGAGTCACTGGC-1","normal",NA,0,0,NA,NA
"CTTAGGAGTTATCCGA-1","normal",NA,0,1,NA,NA
"CTTAGGATCGTGTAGT-1","tumor",NA,1,1,NA,NA
"CTTCTCTAGAGGGCTT-1","normal",NA,0,1,NA,NA
"CTTCTCTAGTAGATGT-1","normal",NA,0,1,NA,NA
"CTTCTCTCACACCGCA-1","normal",NA,0,1,NA,NA
"CTTCTCTCACGCATCG-1","tumor",NA,1,1,NA,NA
"CTTCTCTGTGTGCGTC-1","tumor",NA,1,1,NA,NA
"CTTCTCTGTTTGGCGC-1","tumor",NA,1,1,NA,NA
"CTTCTCTTCTCGTATT-1","normal",NA,0,0,NA,NA
"CTTGGCTGTTACGGAG-1","normal",NA,0,1,NA,NA
"GAAACTCCAAATCCGT-1","normal",NA,0,0,NA,NA
"GAAACTCCAAGTAGTA-1","normal",NA,0,0,NA,NA
"GAAATGACACGTCTCT-1","normal",NA,0,0,NA,NA
"GAACATCCAGACAGGT-1","tumor",NA,1,1,NA,NA
"GAACATCGTCGACTAT-1","tumor",NA,1,1,NA,NA
"GAACCTACATTAACCG-1","tumor",NA,1,1,NA,NA
"GAACCTAGTCTAGAGG-1","tumor",NA,1,1,NA,NA
"GAACCTATCGTGGTCG-1","normal",NA,0,0,NA,NA
"GAACGGAAGCTGCAAG-1","normal",NA,0,1,NA,NA
"GAACGGAAGTGGTAGC-1","normal",NA,0,1,NA,NA
"GAACGGATCATAACCG-1","normal",NA,0,1,NA,NA
"GAAGCAGCAATGACCT-1","normal",NA,0,1,NA,NA
"GAAGCAGGTTCCCTTG-1","normal",NA,0,0,NA,NA
"GAATAAGAGGCGCTCT-1","tumor",NA,1,1,NA,NA
"GAATAAGAGGGATGGG-1","normal",NA,0,0,NA,NA
"GAATAAGGTACTCGCG-1","tumor",NA,1,1,NA,NA
"GAATAAGGTCGAGATG-1","normal",NA,0,0,NA,NA
"GAATAAGTCATGCAAC-1","normal",NA,0,0,NA,NA
"GAATAAGTCGATGAGG-1","normal",NA,0,1,NA,NA
"GAATGAAAGTGGTAAT-1","tumor",NA,1,1,NA,NA
"GAATGAAGTCAGAAGC-1","tumor",NA,1,1,NA,NA
"GAATGAAGTTACGGAG-1","normal",NA,0,0,NA,NA
"GAATGAATCAGAGACG-1","normal",NA,0,0,NA,NA
"GACACGCTCCACGAAT-1","tumor",NA,1,1,NA,NA
"GACAGAGCAAACCTAC-1","normal",NA,0,0,NA,NA
"GACAGAGCACTGAAGG-1","normal",NA,0,0,NA,NA
"GACAGAGCAGAAGCAC-1","normal",NA,0,1,NA,NA
"GACAGAGGTCATCGGC-1","normal",NA,0,0,NA,NA
"GACAGAGGTTTGACAC-1","normal",NA,0,0,NA,NA
"GACAGAGTCGGGAGTA-1","tumor",NA,1,1,NA,NA
"GACAGAGTCTGAAAGA-1","normal",NA,0,1,NA,NA
"GACCAATTCACAAACC-1","normal",NA,0,1,NA,NA
"GACCAATTCCTATGTT-1","normal",NA,0,0,NA,NA
"GACCAATTCGCCAAAT-1","tumor",NA,1,1,NA,NA
"GACCAATTCTACTATC-1","normal",NA,0,0,NA,NA
"GACCTGGCAAGAGTCG-1","tumor",NA,1,1,NA,NA
"GACCTGGGTACCTACA-1","filtered",NA,2,1,NA,NA
"GACGCGTAGATGTTAG-1","normal",NA,0,1,NA,NA
"GACGCGTCAATGGATA-1","normal",NA,0,1,NA,NA
"GACGCGTCAGATCGGA-1","normal",NA,0,0,NA,NA
"GACGCGTCAGGCTCAC-1","tumor",NA,1,1,NA,NA
"GACGCGTCATGCCCGA-1","normal",NA,0,0,NA,NA
"GACGGCTAGCAGGCTA-1","tumor",NA,1,1,NA,NA
"GACGGCTCATCTATGG-1","tumor",NA,1,1,NA,NA
"GACGGCTGTCCATCCT-1","tumor",NA,1,0,NA,NA
"GACGGCTTCATCGATG-1","tumor",NA,1,1,NA,NA
"GACGGCTTCTTGCAAG-1","tumor",NA,1,1,NA,NA
"GACGTGCAGGGATACC-1","normal",NA,0,0,NA,NA
"GACGTGCGTCTTGTCC-1","tumor",NA,1,1,NA,NA
"GACGTTAAGTCATCCA-1","tumor",NA,1,1,NA,NA
"GACGTTAAGTCTTGCA-1","normal",NA,0,0,NA,NA
"GACGTTACACGTCTCT-1","normal",NA,0,0,NA,NA
"GACGTTAGTTCGTGAT-1","tumor",NA,1,1,NA,NA
"GACGTTATCTGGAGCC-1","normal",NA,0,1,NA,NA
"GACTAACAGCAACGGT-1","normal",NA,0,0,NA,NA
"GACTAACAGCCCTAAT-1","normal",NA,0,0,NA,NA
"GACTACAAGATCCCGC-1","tumor",NA,1,1,NA,NA
"GACTACAAGTCTTGCA-1","normal",NA,0,0,NA,NA
"GACTACAAGTGTACTC-1","normal",NA,0,1,NA,NA
"GACTACAAGTTGAGTA-1","normal",NA,0,0,NA,NA
"GACTACACAAGCGATG-1","tumor",NA,1,1,NA,NA
"GACTACATCAAAGACA-1","normal",NA,0,1,NA,NA
"GACTACATCCACGCAG-1","normal",NA,0,0,NA,NA
"GACTACATCCCTCAGT-1","tumor",NA,1,1,NA,NA
"GACTGCGTCATGCATG-1","tumor",NA,1,1,NA,NA
"GACTGCGTCCACGCAG-1","normal",NA,0,0,NA,NA
"GACTGCGTCGTGACAT-1","normal",NA,0,1,NA,NA
"GAGCAGACATAGGATA-1","normal",NA,0,0,NA,NA
"GAGCAGACATTACCTT-1","normal",NA,0,1,NA,NA
"GAGCAGAGTAGGAGTC-1","normal",NA,0,0,NA,NA
"GAGCAGAGTTTAAGCC-1","normal",NA,0,1,NA,NA
"GAGCAGATCAGAGACG-1","normal",NA,0,0,NA,NA
"GAGCAGATCTGACCTC-1","tumor",NA,1,1,NA,NA
"GAGGTGAAGCTACCGC-1","tumor",NA,1,1,NA,NA
"GAGGTGAGTAGCTGCC-1","normal",NA,0,0,NA,NA
"GAGGTGAGTCATTAGC-1","normal",NA,0,0,NA,NA
"GAGGTGAGTGGTGTAG-1","tumor",NA,1,1,NA,NA
"GAGGTGAGTGTGAATA-1","tumor",NA,1,1,NA,NA
"GAGGTGATCCGTTGTC-1","tumor",NA,1,1,NA,NA
"GAGTCCGGTATGGTTC-1","normal",NA,0,0,NA,NA
"GATCAGTCAAGGGTCA-1","normal",NA,0,1,NA,NA
"GATCAGTGTCAAAGAT-1","tumor",NA,1,1,NA,NA
"GATCAGTTCTGTTTGT-1","normal",NA,0,0,NA,NA
"GATCGATAGTACATGA-1","normal",NA,0,0,NA,NA
"GATCGATTCTCAACTT-1","tumor",NA,1,1,NA,NA
"GATCGCGCAATCACAC-1","normal",NA,0,0,NA,NA
"GATCGCGCAGGATCGA-1","normal",NA,0,1,NA,NA
"GATCGCGGTAAATACG-1","normal",NA,0,0,NA,NA
"GATCGCGGTCACCTAA-1","tumor",NA,1,1,NA,NA
"GATCGCGTCATGTGGT-1","normal",NA,0,0,NA,NA
"GATCGCGTCGAATGCT-1","tumor",NA,1,1,NA,NA
"GATCGTAAGATACACA-1","tumor",NA,1,1,NA,NA
"GATCGTACACCAGGCT-1","filtered",NA,2,0,NA,NA
"GATCGTACAGGTCGTC-1","normal",NA,0,0,NA,NA
"GATCGTAGTGTCTGAT-1","normal",NA,0,0,NA,NA
"GATCGTATCATGTCCC-1","normal",NA,0,0,NA,NA
"GATCGTATCCGCAGTG-1","normal",NA,0,0,NA,NA
"GATCGTATCGTTGACA-1","tumor",NA,1,1,NA,NA
"GATCTAGAGGCGACAT-1","normal",NA,0,1,NA,NA
"GATCTAGCAATCCGAT-1","tumor",NA,1,1,NA,NA
"GATCTAGGTGAGGGAG-1","normal",NA,0,0,NA,NA
"GATCTAGGTTCGTCTC-1","normal",NA,0,0,NA,NA
"GATCTAGTCAAACGGG-1","normal",NA,0,0,NA,NA
"GATGAAAAGATGTGGC-1","tumor",NA,1,1,NA,NA
"GATGAAACATGACATC-1","tumor",NA,1,1,NA,NA
"GATGAAACATTAACCG-1","normal",NA,0,1,NA,NA
"GATGAAATCACTTCAT-1","normal",NA,0,0,NA,NA
"GATGAGGAGGAGTTGC-1","tumor",NA,1,1,NA,NA
"GATGAGGCACTGTGTA-1","normal",NA,0,0,NA,NA
"GATGAGGCAGTCACTA-1","tumor",NA,1,1,NA,NA
"GATGCTAAGAAACCGC-1","normal",NA,0,1,NA,NA
"GATGCTACATGAACCT-1","normal",NA,0,1,NA,NA
"GATTCAGTCACGACTA-1","filtered",NA,2,1,NA,NA
"GCAAACTAGGCATGTG-1","normal",NA,0,1,NA,NA
"GCAAACTCAAGCCATT-1","tumor",NA,1,1,NA,NA
"GCAAACTCAAGTCTAC-1","normal",NA,0,0,NA,NA
"GCAAACTCATTATCTC-1","normal",NA,0,0,NA,NA
"GCAAACTTCTGGTTCC-1","tumor",NA,1,1,NA,NA
"GCAATCAAGCCGATTT-1","tumor",NA,1,1,NA,NA
"GCAATCACAATCGGTT-1","tumor",NA,1,1,NA,NA
"GCAATCACAGTCAGCC-1","normal",NA,0,0,NA,NA
"GCAATCATCAATCACG-1","normal",NA,0,0,NA,NA
"GCACATAAGCTAAGAT-1","normal",NA,0,1,NA,NA
"GCACATACATACTCTT-1","tumor",NA,1,1,NA,NA
"GCACATACATCTCGCT-1","tumor",NA,1,1,NA,NA
"GCACATATCAATACCG-1","tumor",NA,1,1,NA,NA
"GCACATATCTTGAGAC-1","normal",NA,0,0,NA,NA
"GCACTCTAGCACGCCT-1","normal",NA,0,0,NA,NA
"GCACTCTAGGGTATCG-1","normal",NA,0,0,NA,NA
"GCACTCTGTCGAATCT-1","normal",NA,0,0,NA,NA
"GCACTCTGTGCGAAAC-1","normal",NA,0,1,NA,NA
"GCACTCTTCAGAGGTG-1","tumor",NA,1,1,NA,NA
"GCACTCTTCCATGAGT-1","tumor",NA,1,1,NA,NA
"GCACTCTTCTTAGAGC-1","tumor",NA,1,1,NA,NA
"GCAGCCAAGAGCTTCT-1","filtered",NA,2,0,NA,NA
"GCAGCCATCAGCGATT-1","normal",NA,0,0,NA,NA
"GCAGCCATCCCTAACC-1","normal",NA,0,0,NA,NA
"GCAGTTACACCTCGTT-1","tumor",NA,1,1,NA,NA
"GCAGTTAGTATATGGA-1","normal",NA,0,0,NA,NA
"GCATACACATTAGCCA-1","tumor",NA,1,1,NA,NA
"GCATGATAGGGAAACA-1","normal","yes",0,0,NA,NA
"GCATGATGTGCACGAA-1","normal",NA,0,0,NA,NA
"GCATGCGAGACGACGT-1","normal","yes",0,0,NA,NA
"GCATGCGAGCGCCTCA-1","normal",NA,0,0,NA,NA
"GCATGCGCATGGTCTA-1","normal",NA,0,1,NA,NA
"GCATGCGTCAACGAAA-1","tumor",NA,1,1,NA,NA
"GCATGCGTCAGCGACC-1","normal",NA,0,0,NA,NA
"GCATGTAAGGTGTTAA-1","normal",NA,0,0,NA,NA
"GCATGTACAAAGTGCG-1","normal",NA,0,1,NA,NA
"GCATGTAGTAGCTGCC-1","normal",NA,0,1,NA,NA
"GCATGTAGTCCAGTGC-1","tumor",NA,1,1,NA,NA
"GCCAAATAGCGCTTAT-1","normal",NA,0,0,NA,NA
"GCCAAATAGTGCTGCC-1","tumor",NA,1,1,NA,NA
"GCCAAATAGTTAACGA-1","normal",NA,0,1,NA,NA
"GCCAAATCATGTCTCC-1","normal",NA,0,0,NA,NA
"GCCAAATGTTCCCTTG-1","tumor",NA,1,1,NA,NA
"GCCTCTAAGGCCCTTG-1","tumor",NA,1,1,NA,NA
"GCCTCTACAAATCCGT-1","tumor",NA,1,1,NA,NA
"GCCTCTACATTACCTT-1","filtered",NA,2,1,NA,NA
"GCCTCTAGTTACGTCA-1","tumor",NA,1,1,NA,NA
"GCCTCTAGTTGAGGTG-1","normal",NA,0,1,NA,NA
"GCCTCTATCCACGTTC-1","normal",NA,0,0,NA,NA
"GCCTCTATCTCTTATG-1","normal","yes",0,0,NA,NA
"GCGACCACAGATCCAT-1","tumor",NA,1,1,NA,NA
"GCGACCACATGCATGT-1","normal",NA,0,0,NA,NA
"GCGAGAAGTATCTGCA-1","normal",NA,0,0,NA,NA
"GCGAGAAGTCGCATCG-1","tumor",NA,1,1,NA,NA
"GCGAGAAGTGAGGCTA-1","normal",NA,0,0,NA,NA
"GCGAGAATCCCAGGTG-1","tumor",NA,1,1,NA,NA
"GCGAGAATCCTCAACC-1","tumor",NA,1,1,NA,NA
"GCGCAACCATTCCTGC-1","tumor",NA,1,1,NA,NA
"GCGCAGTCACGCGAAA-1","filtered",NA,2,1,NA,NA
"GCGCAGTGTGACTCAT-1","tumor",NA,1,1,NA,NA
"GCGCAGTGTGGCAAAC-1","normal",NA,0,0,NA,NA
"GCGCAGTGTTTGCATG-1","normal",NA,0,1,NA,NA
"GCGCAGTTCAGATAAG-1","normal",NA,0,1,NA,NA
"GCGCCAACACCCATGG-1","normal",NA,0,1,NA,NA
"GCGCCAACACGAAGCA-1","tumor",NA,1,1,NA,NA
"GCGCCAAGTAAACGCG-1","tumor",NA,1,1,NA,NA
"GCGCGATAGCATCATC-1","tumor",NA,1,0,NA,NA
"GCGCGATAGGATCGCA-1","normal",NA,0,0,NA,NA
"GCGCGATTCGTACGGC-1","normal",NA,0,1,NA,NA
"GCGGGTTCACAACGCC-1","normal",NA,0,0,NA,NA
"GCGGGTTCACCACCAG-1","tumor",NA,1,1,NA,NA
"GCGGGTTCATAGTAAG-1","tumor",NA,1,1,NA,NA
"GCGGGTTTCCTTAATC-1","normal",NA,0,0,NA,NA
"GCTCCTAAGAGCTGGT-1","normal",NA,0,1,NA,NA
"GCTCCTATCCGAGCCA-1","tumor",NA,1,1,NA,NA
"GCTCCTATCGCTTAGA-1","normal",NA,0,0,NA,NA
"GCTCTGTAGAGAACAG-1","tumor",NA,1,1,NA,NA
"GCTCTGTGTAATTGGA-1","tumor",NA,1,1,NA,NA
"GCTCTGTTCAGTACGT-1","normal",NA,0,1,NA,NA
"GCTGCAGAGCTGGAAC-1","tumor",NA,1,1,NA,NA
"GCTGCAGCAAACTGCT-1","tumor",NA,1,1,NA,NA
"GCTGCAGGTCAATACC-1","tumor",NA,1,1,NA,NA
"GCTGCGAAGAGTCGGT-1","normal",NA,0,0,NA,NA
"GCTGCGAAGTGGAGAA-1","tumor",NA,1,1,NA,NA
"GCTGCGACACCATGTA-1","normal",NA,0,0,NA,NA
"GCTGCGATCGAGGTAG-1","tumor",NA,1,1,NA,NA
"GCTGCTTCACCAGTTA-1","normal",NA,0,0,NA,NA
"GCTGCTTCACGAAATA-1","normal",NA,0,0,NA,NA
"GCTGCTTCAGGTCGTC-1","tumor",NA,1,1,NA,NA
"GCTGCTTTCCCATTAT-1","normal",NA,0,1,NA,NA
"GCTGGGTAGGCACATG-1","tumor",NA,1,1,NA,NA
"GCTGGGTCAATCTGCA-1","tumor",NA,1,1,NA,NA
"GCTGGGTCACGGCGTT-1","tumor",NA,1,1,NA,NA
"GCTGGGTGTAGCGTAG-1","tumor",NA,1,1,NA,NA
"GCTGGGTGTCTCTTAT-1","normal",NA,0,0,NA,NA
"GCTGGGTTCCCGACTT-1","tumor",NA,1,1,NA,NA
"GCTGGGTTCGTGTAGT-1","tumor",NA,1,1,NA,NA
"GCTGGGTTCTAAGCCA-1","normal",NA,0,0,NA,NA
"GCTGGGTTCTTCGGTC-1","tumor",NA,1,1,NA,NA
"GCTTCCAAGGGCACTA-1","normal",NA,0,1,NA,NA
"GCTTCCAAGTGACTCT-1","tumor",NA,1,1,NA,NA
"GCTTCCAGTAAAGGAG-1","filtered",NA,2,1,NA,NA
"GCTTCCAGTTTACTCT-1","normal",NA,0,0,NA,NA
"GCTTCCATCCCAAGAT-1","tumor",NA,1,1,NA,NA
"GCTTGAATCACCTCGT-1","normal",NA,0,0,NA,NA
"GCTTGAATCATTCACT-1","normal",NA,0,0,NA,NA
"GGAAAGCAGAACAACT-1","normal",NA,0,1,NA,NA
"GGAAAGCAGGGTGTTG-1","normal",NA,0,0,NA,NA
"GGAAAGCCAATGGATA-1","normal",NA,0,0,NA,NA
"GGAAAGCCATATACGC-1","normal",NA,0,0,NA,NA
"GGAAAGCTCCATGAAC-1","tumor",NA,1,1,NA,NA
"GGAAAGCTCTCTTATG-1","normal",NA,0,0,NA,NA
"GGAACTTAGAAGGACA-1","tumor",NA,1,1,NA,NA
"GGAACTTAGGGCTTGA-1","tumor",NA,1,1,NA,NA
"GGAACTTCAAGCGTAG-1","tumor",NA,1,1,NA,NA
"GGAATAACAATGGAGC-1","normal",NA,0,0,NA,NA
"GGAATAACACACATGT-1","normal",NA,0,0,NA,NA
"GGAATAAGTCTGCGGT-1","normal",NA,0,1,NA,NA
"GGAATAATCCAAGCCG-1","normal",NA,0,0,NA,NA
"GGACAAGCACATTCGA-1","tumor",NA,1,1,NA,NA
"GGACAAGCACTGTCGG-1","tumor",NA,1,1,NA,NA
"GGACAGAAGTTAGCGG-1","normal","yes",0,0,NA,NA
"GGACAGACAACAACCT-1","tumor",NA,1,1,NA,NA
"GGACAGACATACAGCT-1","normal",NA,0,0,NA,NA
"GGACAGAGTGCCTTGG-1","tumor",NA,1,1,NA,NA
"GGACAGATCCGTCAAA-1","normal",NA,0,0,NA,NA
"GGACATTCAATGTAAG-1","normal",NA,0,1,NA,NA
"GGACATTCAGCGAACA-1","tumor",NA,1,1,NA,NA
"GGACATTGTCCAGTAT-1","tumor",NA,1,1,NA,NA
"GGACATTGTGTTGGGA-1","normal",NA,0,0,NA,NA
"GGACGTCCACATTCGA-1","tumor",NA,1,1,NA,NA
"GGACGTCCACGAAGCA-1","normal",NA,0,0,NA,NA
"GGACGTCCACGAGAGT-1","normal",NA,0,0,NA,NA
"GGACGTCCAGAGTGTG-1","normal",NA,0,0,NA,NA
"GGACGTCTCACCCGAG-1","normal",NA,0,0,NA,NA
"GGACGTCTCAGCAACT-1","tumor",NA,1,1,NA,NA
"GGACGTCTCCAGATCA-1","normal",NA,0,0,NA,NA
"GGACGTCTCTTTAGTC-1","normal",NA,0,1,NA,NA
"GGAGCAAAGCGGATCA-1","normal",NA,0,0,NA,NA
"GGAGCAAAGTGAAGTT-1","tumor",NA,1,1,NA,NA
"GGAGCAACATCGATTG-1","normal",NA,0,1,NA,NA
"GGATGTTAGCCGGTAA-1","normal",NA,0,0,NA,NA
"GGATGTTAGTACGATA-1","tumor",NA,1,1,NA,NA
"GGATGTTAGTGAAGAG-1","normal",NA,0,1,NA,NA
"GGATGTTAGTGTGAAT-1","tumor",NA,1,1,NA,NA
"GGATGTTCAGCCTATA-1","tumor",NA,1,1,NA,NA
"GGATGTTCAGGTTTCA-1","normal",NA,0,1,NA,NA
"GGATGTTGTCCTCCAT-1","normal",NA,0,0,NA,NA
"GGATGTTTCATTGCGA-1","normal",NA,0,1,NA,NA
"GGATGTTTCGGAATCT-1","normal",NA,0,0,NA,NA
"GGATTACCACACTGCG-1","tumor",NA,1,1,NA,NA
"GGATTACCATTGAGCT-1","normal","yes",0,0,NA,NA
"GGATTACGTACCATCA-1","tumor",NA,1,0,NA,NA
"GGATTACGTAGAGCTG-1","tumor",NA,1,1,NA,NA
"GGATTACGTCGACTGC-1","normal",NA,0,0,NA,NA
"GGATTACTCGGAGCAA-1","tumor",NA,1,1,NA,NA
"GGCAATTAGATGTGTA-1","normal",NA,0,0,NA,NA
"GGCAATTCAAGTCATC-1","normal",NA,0,0,NA,NA
"GGCCGATCACCCAGTG-1","tumor",NA,1,1,NA,NA
"GGCCGATGTCACTTCC-1","tumor",NA,1,1,NA,NA
"GGCCGATGTTAAGGGC-1","normal",NA,0,0,NA,NA
"GGCCGATGTTCACCTC-1","tumor",NA,1,1,NA,NA
"GGCCGATGTTTGTGTG-1","normal",NA,0,1,NA,NA
"GGCGACTCATTTCAGG-1","normal",NA,0,0,NA,NA
"GGCGACTTCGACCAGC-1","tumor",NA,1,1,NA,NA
"GGCGTGTAGCGTAGTG-1","filtered",NA,2,0,NA,NA
"GGCGTGTAGTGTTGAA-1","tumor",NA,1,1,NA,NA
"GGCGTGTCAGATAATG-1","normal",NA,0,1,NA,NA
"GGCGTGTGTACTCAAC-1","normal",NA,0,0,NA,NA
"GGCGTGTGTCGATTGT-1","normal",NA,0,0,NA,NA
"GGCGTGTGTGAAATCA-1","normal",NA,0,0,NA,NA
"GGCGTGTTCCCTAACC-1","normal",NA,0,0,NA,NA
"GGCTCGAGTGAGGGAG-1","normal","yes",0,0,NA,NA
"GGCTCGATCTCGATGA-1","normal",NA,0,1,NA,NA
"GGCTGGTAGCTAAGAT-1","normal",NA,0,0,NA,NA
"GGCTGGTCAATAGAGT-1","normal",NA,0,0,NA,NA
"GGCTGGTCAGTGAGTG-1","normal",NA,0,0,NA,NA
"GGCTGGTTCACTATTC-1","normal",NA,0,0,NA,NA
"GGGAATGAGAGACGAA-1","normal",NA,0,0,NA,NA
"GGGAATGCAACAACCT-1","normal",NA,0,1,NA,NA
"GGGAATGCAGACAGGT-1","tumor",NA,1,1,NA,NA
"GGGAATGGTCGGGTCT-1","normal",NA,0,0,NA,NA
"GGGAATGTCGCATGAT-1","normal",NA,0,0,NA,NA
"GGGAATGTCGGCTACG-1","normal",NA,0,1,NA,NA
"GGGACCTAGTTGAGTA-1","normal",NA,0,0,NA,NA
"GGGACCTCAAACGCGA-1","tumor",NA,1,1,NA,NA
"GGGACCTCACATTAGC-1","normal",NA,0,1,NA,NA
"GGGACCTCATATGAGA-1","tumor",NA,1,1,NA,NA
"GGGACCTGTACAGTTC-1","normal",NA,0,0,NA,NA
"GGGACCTGTCCAGTTA-1","normal",NA,0,0,NA,NA
"GGGACCTGTCTGGAGA-1","normal",NA,0,0,NA,NA
"GGGAGATAGTTGTCGT-1","normal",NA,0,1,NA,NA
"GGGAGATCAAGCCATT-1","tumor",NA,1,1,NA,NA
"GGGAGATCACGGATAG-1","normal",NA,0,0,NA,NA
"GGGAGATCATCAGTAC-1","normal",NA,0,1,NA,NA
"GGGAGATTCGGAAATA-1","normal",NA,0,0,NA,NA
"GGGAGATTCGTTGACA-1","normal",NA,0,0,NA,NA
"GGGATGACAAGCGATG-1","tumor",NA,1,0,NA,NA
"GGGATGACACTGTGTA-1","tumor",NA,1,1,NA,NA
"GGGATGAGTCTAACGT-1","filtered",NA,2,0,NA,NA
"GGGATGATCCGAAGAG-1","tumor",NA,1,1,NA,NA
"GGGCACTAGCTAGTTC-1","tumor",NA,1,1,NA,NA
"GGGCACTTCAACGCTA-1","normal",NA,0,0,NA,NA
"GGGCATCAGAAGATTC-1","tumor",NA,1,1,NA,NA
"GGGCATCAGTCCATAC-1","tumor",NA,1,1,NA,NA
"GGGCATCCACCATCCT-1","normal",NA,0,0,NA,NA
"GGGCATCCAGGATCGA-1","tumor",NA,1,1,NA,NA
"GGGCATCCATACGCTA-1","normal",NA,0,1,NA,NA
"GGGCATCCATGCATGT-1","normal",NA,0,0,NA,NA
"GGGCATCGTCTCAACA-1","tumor",NA,1,1,NA,NA
"GGGCATCTCATCATTC-1","normal",NA,0,0,NA,NA
"GGGTCTGAGGAGCGTT-1","tumor",NA,1,1,NA,NA
"GGGTTGCAGAGGTTAT-1","filtered",NA,2,1,NA,NA
"GGGTTGCAGCACGCCT-1","tumor",NA,1,1,NA,NA
"GGGTTGCAGCCAGTTT-1","normal",NA,0,0,NA,NA
"GGGTTGCAGTAGGTGC-1","normal",NA,0,1,NA,NA
"GGGTTGCCACCTGGTG-1","tumor",NA,1,1,NA,NA
"GGGTTGCGTTGCCTCT-1","tumor",NA,1,1,NA,NA
"GGGTTGCTCAGATAAG-1","tumor",NA,1,1,NA,NA
"GGTATTGAGCTGCGAA-1","tumor",NA,1,1,NA,NA
"GGTATTGCATGGTCAT-1","normal",NA,0,0,NA,NA
"GGTATTGTCGCATGAT-1","normal",NA,0,1,NA,NA
"GGTATTGTCTCGATGA-1","tumor",NA,1,1,NA,NA
"GGTGAAGAGCTAACTC-1","normal",NA,0,0,NA,NA
"GGTGAAGAGGACTGGT-1","normal",NA,0,1,NA,NA
"GGTGAAGTCAGAGGTG-1","normal",NA,0,0,NA,NA
"GGTGAAGTCCAATGGT-1","tumor",NA,1,1,NA,NA
"GGTGAAGTCGAATGGG-1","tumor",NA,1,1,NA,NA
"GGTGAAGTCTCTAAGG-1","normal",NA,0,1,NA,NA
"GGTGCGTAGACAAAGG-1","normal",NA,0,0,NA,NA
"GGTGCGTAGAGTAATC-1","tumor",NA,1,1,NA,NA
"GGTGCGTCAAGGTTTC-1","tumor",NA,1,1,NA,NA
"GGTGCGTCATCGACGC-1","normal",NA,0,0,NA,NA
"GGTGCGTTCATGCATG-1","normal","yes",0,0,NA,NA
"GGTGCGTTCTACCTGC-1","normal",NA,0,0,NA,NA
"GGTGTTAAGGACTGGT-1","normal",NA,0,0,NA,NA
"GGTGTTACACCCTATC-1","tumor",NA,1,1,NA,NA
"GGTGTTACAGACAGGT-1","tumor",NA,1,1,NA,NA
"GGTGTTAGTACCGAGA-1","normal",NA,0,0,NA,NA
"GTAACGTTCCTACAGA-1","tumor",NA,1,1,NA,NA
"GTAACGTTCGGTCTAA-1","tumor",NA,1,1,NA,NA
"GTAACTGAGGATTCGG-1","normal",NA,0,0,NA,NA
"GTAACTGCAGGGTTAG-1","tumor",NA,1,1,NA,NA
"GTAACTGGTCGCATAT-1","normal",NA,0,0,NA,NA
"GTAACTGTCCGCTGTT-1","tumor",NA,1,1,NA,NA
"GTACGTAAGCGTCTAT-1","normal",NA,0,0,NA,NA
"GTACGTAAGGTAGCCA-1","tumor",NA,1,1,NA,NA
"GTACGTATCACAGTAC-1","tumor",NA,1,1,NA,NA
"GTACGTATCCCTTGCA-1","tumor",NA,1,1,NA,NA
"GTACGTATCGTGGGAA-1","normal",NA,0,0,NA,NA
"GTACTCCAGGGAAACA-1","normal",NA,0,0,NA,NA
"GTACTTTAGGCTAGGT-1","normal",NA,0,0,NA,NA
"GTACTTTAGGTACTCT-1","tumor",NA,1,1,NA,NA
"GTACTTTGTTTAAGCC-1","normal",NA,0,0,NA,NA
"GTAGTCAAGGCAGTCA-1","tumor",NA,1,1,NA,NA
"GTAGTCAGTAGTAGTA-1","tumor",NA,1,1,NA,NA
"GTAGTCATCTGTCTAT-1","tumor",NA,1,1,NA,NA
"GTATCTTAGAGTTGGC-1","tumor",NA,1,1,NA,NA
"GTATCTTAGCCCTAAT-1","tumor",NA,1,1,NA,NA
"GTATCTTAGTCTCAAC-1","tumor",NA,1,1,NA,NA
"GTATCTTCACTGAAGG-1","filtered",NA,2,1,NA,NA
"GTATCTTCAGTCTTCC-1","normal",NA,0,0,NA,NA
"GTATCTTCAGTGACAG-1","filtered",NA,2,1,NA,NA
"GTATCTTGTCGCATCG-1","tumor",NA,1,1,NA,NA
"GTATTCTAGATGTAAC-1","tumor",NA,1,1,NA,NA
"GTATTCTGTAAGCACG-1","normal",NA,0,1,NA,NA
"GTATTCTGTCTCTCTG-1","tumor",NA,1,1,NA,NA
"GTCAAGTAGATGCCAG-1","normal",NA,0,0,NA,NA
"GTCAAGTGTTAAGACA-1","tumor",NA,1,1,NA,NA
"GTCAAGTTCATGTGGT-1","normal",NA,0,0,NA,NA
"GTCAAGTTCCGCATCT-1","normal",NA,0,1,NA,NA
"GTCAAGTTCCTACAGA-1","normal",NA,0,0,NA,NA
"GTCACAAAGCTCAACT-1","normal",NA,0,0,NA,NA
"GTCACAAAGTACGTTC-1","tumor",NA,1,1,NA,NA
"GTCACAAAGTCCCACG-1","normal",NA,0,0,NA,NA
"GTCACAAAGTGCTGCC-1","tumor",NA,1,1,NA,NA
"GTCACAAGTCTGATTG-1","tumor",NA,1,1,NA,NA
"GTCACGGAGATAGTCA-1","tumor",NA,1,1,NA,NA
"GTCACGGAGGATGGTC-1","tumor",NA,1,1,NA,NA
"GTCATTTAGGGCTTCC-1","tumor",NA,1,1,NA,NA
"GTCATTTGTATTACCG-1","filtered",NA,2,1,NA,NA
"GTCATTTTCGAATCCA-1","normal",NA,0,1,NA,NA
"GTCCTCAAGTTATCGC-1","tumor",NA,1,1,NA,NA
"GTCCTCATCTACCTGC-1","normal",NA,0,1,NA,NA
"GTCGGGTCAGATGGGT-1","normal",NA,0,0,NA,NA
"GTCGGGTGTCCTCCAT-1","normal",NA,0,1,NA,NA
"GTCGGGTTCTGGTATG-1","normal",NA,0,0,NA,NA
"GTCGTAAAGCCGTCGT-1","normal",NA,0,0,NA,NA
"GTCGTAAAGGATTCGG-1","normal",NA,0,1,NA,NA
"GTCGTAACACCGGAAA-1","tumor",NA,1,1,NA,NA
"GTCGTAAGTCGCGTGT-1","normal",NA,0,0,NA,NA
"GTCGTAAGTTCAGTAC-1","tumor",NA,1,1,NA,NA
"GTCGTAAGTTCCCGAG-1","normal",NA,0,0,NA,NA
"GTCGTAATCCACGTTC-1","tumor",NA,1,1,NA,NA
"GTCGTAATCTGGAGCC-1","normal",NA,0,0,NA,NA
"GTCTCGTCAAACTGTC-1","normal",NA,0,0,NA,NA
"GTCTCGTCACAAGCCC-1","normal",NA,0,0,NA,NA
"GTCTCGTCAGACTCGC-1","normal",NA,0,0,NA,NA
"GTCTCGTGTACTCAAC-1","normal",NA,0,0,NA,NA
"GTCTTCGAGATACACA-1","tumor",NA,1,1,NA,NA
"GTCTTCGAGTGTTAGA-1","tumor",NA,1,1,NA,NA
"GTCTTCGGTCTGCGGT-1","normal","yes",0,0,NA,NA
"GTCTTCGTCCCTCTTT-1","tumor",NA,1,1,NA,NA
"GTGAAGGAGTGCCAGA-1","normal",NA,0,1,NA,NA
"GTGAAGGTCGTACCGG-1","tumor",NA,1,1,NA,NA
"GTGCAGCAGACTTTCG-1","normal",NA,0,0,NA,NA
"GTGCAGCGTATCGCAT-1","tumor",NA,1,1,NA,NA
"GTGCAGCGTGTTAAGA-1","normal",NA,0,0,NA,NA
"GTGCAGCTCTTAGCCC-1","tumor",NA,1,1,NA,NA
"GTGCATAAGCGTAATA-1","normal",NA,0,0,NA,NA
"GTGCATACAAAGTCAA-1","normal",NA,0,0,NA,NA
"GTGCATACAATTGCTG-1","tumor",NA,1,1,NA,NA
"GTGCATACACATTAGC-1","tumor",NA,1,1,NA,NA
"GTGCATAGTTTCCACC-1","tumor",NA,1,1,NA,NA
"GTGCGGTAGAACTCGG-1","filtered",NA,2,1,NA,NA
"GTGCGGTCACTTCGAA-1","normal",NA,0,0,NA,NA
"GTGCGGTGTGTGAAAT-1","tumor",NA,1,1,NA,NA
"GTGCGGTGTGTGACGA-1","tumor",NA,1,1,NA,NA
"GTGCGGTGTTATCCGA-1","tumor",NA,1,0,NA,NA
"GTGCGGTGTTCGCGAC-1","tumor",NA,1,1,NA,NA
"GTGCGGTTCAACACAC-1","filtered",NA,2,0,NA,NA
"GTGCTTCAGATATGGT-1","tumor",NA,1,1,NA,NA
"GTGCTTCCACGAGGTA-1","tumor",NA,1,1,NA,NA
"GTGCTTCCAGGATCGA-1","normal",NA,0,1,NA,NA
"GTGCTTCTCCTACAGA-1","normal",NA,0,1,NA,NA
"GTGCTTCTCTTGTTTG-1","tumor",NA,1,1,NA,NA
"GTGCTTCTCTTTCCTC-1","normal",NA,0,0,NA,NA
"GTGGGTCAGCGTGAAC-1","normal",NA,0,0,NA,NA
"GTGGGTCCAATGTTGC-1","normal",NA,0,0,NA,NA
"GTGGGTCCAGATGAGC-1","normal",NA,0,0,NA,NA
"GTGTGCGGTGACTACT-1","tumor",NA,1,1,NA,NA
"GTGTGCGGTGGTAACG-1","normal",NA,0,0,NA,NA
"GTGTGCGGTTATCACG-1","normal",NA,0,0,NA,NA
"GTGTTAGGTCTAGGTT-1","filtered",NA,2,1,NA,NA
"GTGTTAGTCAACGCTA-1","normal",NA,0,1,NA,NA
"GTGTTAGTCTTGAGAC-1","tumor",NA,1,1,NA,NA
"GTTAAGCAGGCATGTG-1","normal",NA,0,0,NA,NA
"GTTAAGCCAGGGTACA-1","tumor",NA,1,1,NA,NA
"GTTAAGCGTAAGGATT-1","normal",NA,0,1,NA,NA
"GTTAAGCGTCAATGTC-1","tumor",NA,1,1,NA,NA
"GTTAAGCTCCGCATCT-1","tumor",NA,1,1,NA,NA
"GTTACAGAGATCTGCT-1","filtered",NA,2,0,NA,NA
"GTTACAGCACCAGCAC-1","normal",NA,0,0,NA,NA
"GTTACAGGTCGCTTCT-1","normal",NA,0,0,NA,NA
"GTTACAGTCAGCCTAA-1","tumor",NA,1,1,NA,NA
"GTTACAGTCTTGAGGT-1","tumor",NA,1,1,NA,NA
"GTTCATTAGTACGCGA-1","tumor",NA,1,1,NA,NA
"GTTCATTAGTAGGTGC-1","normal",NA,0,0,NA,NA
"GTTCATTAGTGACATA-1","normal",NA,0,0,NA,NA
"GTTCATTGTTGTCTTT-1","normal","yes",0,0,NA,NA
"GTTCGGGAGCGATATA-1","normal",NA,0,0,NA,NA
"GTTCGGGAGCTGCAAG-1","normal",NA,0,0,NA,NA
"GTTCGGGTCGCAAACT-1","normal",NA,0,0,NA,NA
"GTTCTCGAGAGTAAGG-1","filtered",NA,2,1,NA,NA
"GTTCTCGAGCCCAGCT-1","normal",NA,0,0,NA,NA
"GTTCTCGCACCAGGTC-1","normal",NA,0,0,NA,NA
"GTTCTCGCAGCGTAAG-1","normal",NA,0,1,NA,NA
"GTTCTCGGTCTCGTTC-1","tumor",NA,1,1,NA,NA
"GTTCTCGTCAGCATGT-1","normal",NA,0,0,NA,NA
"GTTTCTAAGCACGCCT-1","normal","yes",0,0,NA,NA
"GTTTCTACACGAAGCA-1","tumor",NA,1,1,NA,NA
"GTTTCTAGTCCTAGCG-1","tumor",NA,1,1,NA,NA
"GTTTCTAGTCGCGAAA-1","normal",NA,0,0,NA,NA
"TAAACCGTCGCCGTGA-1","normal",NA,0,0,NA,NA
"TAAGAGAAGCAATCTC-1","tumor",NA,1,1,NA,NA
"TAAGAGAAGCACGCCT-1","normal",NA,0,1,NA,NA
"TAAGAGAAGGAATTAC-1","normal",NA,0,0,NA,NA
"TAAGAGACAAGGTTTC-1","normal",NA,0,1,NA,NA
"TAAGAGAGTGGCAAAC-1","normal",NA,0,1,NA,NA
"TAAGAGAGTGTAAGTA-1","normal",NA,0,0,NA,NA
"TAAGAGATCCTTAATC-1","normal",NA,0,0,NA,NA
"TAAGCGTGTGCGCTTG-1","tumor",NA,1,1,NA,NA
"TAAGTGCAGTACGCCC-1","tumor",NA,1,1,NA,NA
"TAAGTGCGTTAAGGGC-1","tumor",NA,1,1,NA,NA
"TAAGTGCTCATCGGAT-1","tumor",NA,1,1,NA,NA
"TAAGTGCTCCACTCCA-1","normal",NA,0,0,NA,NA
"TAAGTGCTCTCTTATG-1","normal",NA,0,0,NA,NA
"TACACGAAGCAATATG-1","normal",NA,0,0,NA,NA
"TACAGTGAGGGATCTG-1","tumor",NA,1,1,NA,NA
"TACAGTGGTTATCGGT-1","normal",NA,0,0,NA,NA
"TACAGTGTCTAGCACA-1","filtered",NA,2,0,NA,NA
"TACCTATAGCAATATG-1","tumor",NA,1,1,NA,NA
"TACCTATAGTGTCCCG-1","normal",NA,0,0,NA,NA
"TACCTATAGTGTTAGA-1","filtered",NA,2,0,NA,NA
"TACCTATCAGACGTAG-1","normal",NA,0,0,NA,NA
"TACCTATCATTTCAGG-1","tumor",NA,1,1,NA,NA
"TACCTATTCATTCACT-1","normal",NA,0,0,NA,NA
"TACCTTACAGGATTGG-1","normal",NA,0,0,NA,NA
"TACCTTATCTGGTTCC-1","tumor",NA,1,1,NA,NA
"TACGGATCAAGGACTG-1","normal",NA,0,0,NA,NA
"TACGGATCACCCTATC-1","normal",NA,0,1,NA,NA
"TACGGATTCCCATTAT-1","normal",NA,0,1,NA,NA
"TACGGGCAGATAGTCA-1","normal",NA,0,1,NA,NA
"TACGGGCTCCAAACAC-1","tumor",NA,1,1,NA,NA
"TACGGTAAGAGACGAA-1","normal",NA,0,0,NA,NA
"TACGGTAAGTGGAGTC-1","tumor",NA,1,1,NA,NA
"TACGGTACACGACGAA-1","normal",NA,0,0,NA,NA
"TACGGTACATCAGTAC-1","normal","yes",0,0,NA,NA
"TACTCATAGATATACG-1","tumor",NA,1,1,NA,NA
"TACTCATCACAGACTT-1","normal",NA,0,1,NA,NA
"TACTCATCATCAGTAC-1","normal",NA,0,0,NA,NA
"TACTCATGTATAATGG-1","tumor",NA,1,1,NA,NA
"TACTCATGTCTGATTG-1","normal",NA,0,0,NA,NA
"TACTCATGTCTGCCAG-1","normal","yes",0,0,NA,NA
"TACTCATTCAGGATCT-1","tumor",NA,1,1,NA,NA
"TACTCATTCCTTAATC-1","tumor",NA,1,1,NA,NA
"TACTCATTCGCCCTTA-1","normal",NA,0,0,NA,NA
"TACTCGCAGTTAACGA-1","normal",NA,0,1,NA,NA
"TACTTACAGTACGCCC-1","normal",NA,0,0,NA,NA
"TACTTACGTAGATTAG-1","tumor",NA,1,1,NA,NA
"TACTTGTTCCGCAGTG-1","normal",NA,0,1,NA,NA
"TAGACCACAAAGGAAG-1","normal",NA,0,0,NA,NA
"TAGACCACACAGACTT-1","normal",NA,0,0,NA,NA
"TAGACCAGTACAAGTA-1","tumor",NA,1,1,NA,NA
"TAGAGCTAGGCTATCT-1","normal",NA,0,0,NA,NA
"TAGAGCTCAAGAAGAG-1","tumor",NA,1,1,NA,NA
"TAGAGCTCACAGGCCT-1","normal",NA,0,1,NA,NA
"TAGAGCTCACGAGAGT-1","tumor",NA,1,1,NA,NA
"TAGAGCTGTCTCAACA-1","tumor",NA,1,1,NA,NA
"TAGAGCTGTTCCATGA-1","tumor",NA,1,1,NA,NA
"TAGAGCTGTTTGCATG-1","tumor",NA,1,1,NA,NA
"TAGAGCTTCACCACCT-1","tumor",NA,1,1,NA,NA
"TAGAGCTTCACGCATA-1","tumor",NA,1,1,NA,NA
"TAGAGCTTCCTCAATT-1","tumor",NA,1,1,NA,NA
"TAGCCGGCAAGCTGTT-1","tumor",NA,1,1,NA,NA
"TAGCCGGTCACCCGAG-1","normal",NA,0,1,NA,NA
"TAGCCGGTCTTTAGGG-1","normal",NA,0,1,NA,NA
"TAGGCATTCTGATTCT-1","tumor",NA,1,1,NA,NA
"TAGTGGTAGAGGTAGA-1","tumor",NA,1,1,NA,NA
"TAGTGGTCATAGAAAC-1","tumor",NA,1,1,NA,NA
"TAGTGGTGTCCGAAGA-1","tumor",NA,1,1,NA,NA
"TAGTGGTGTCGAGTTT-1","normal",NA,0,0,NA,NA
"TAGTGGTTCGGCTTGG-1","normal",NA,0,0,NA,NA
"TAGTTGGCATGCGCAC-1","tumor",NA,1,1,NA,NA
"TAGTTGGGTCATTAGC-1","normal",NA,0,0,NA,NA
"TAGTTGGTCACCTCGT-1","normal",NA,0,0,NA,NA
"TATCAGGAGTGTCCAT-1","normal",NA,0,0,NA,NA
"TATCAGGAGTTACCCA-1","normal",NA,0,1,NA,NA
"TATCAGGCAAGGCTCC-1","normal",NA,0,0,NA,NA
"TATCAGGCAGCCTTTC-1","normal",NA,0,0,NA,NA
"TATCAGGCAGGAATGC-1","normal",NA,0,0,NA,NA
"TATCAGGCATATGAGA-1","normal",NA,0,1,NA,NA
"TATCAGGTCCGCAGTG-1","normal",NA,0,0,NA,NA
"TATCTCACACGGCGTT-1","tumor",NA,1,1,NA,NA
"TATCTCACATACGCCG-1","tumor",NA,1,1,NA,NA
"TATCTCACATATGAGA-1","normal",NA,0,0,NA,NA
"TATCTCACATCCAACA-1","normal",NA,0,1,NA,NA
"TATCTCATCGCAGGCT-1","tumor",NA,1,1,NA,NA
"TATGCCCGTGGAAAGA-1","normal",NA,0,0,NA,NA
"TATTACCGTTCCACGG-1","normal",NA,0,0,NA,NA
"TATTACCTCCTCGCAT-1","tumor",NA,1,1,NA,NA
"TCAACGAAGAATTGTG-1","normal",NA,0,1,NA,NA
"TCAACGAAGCGTCAAG-1","normal",NA,0,0,NA,NA
"TCAACGACAGGGCATA-1","normal",NA,0,0,NA,NA
"TCAACGACATGTAAGA-1","tumor",NA,1,1,NA,NA
"TCAACGAGTCGGCACT-1","normal",NA,0,0,NA,NA
"TCAACGATCAACCAAC-1","tumor",NA,1,1,NA,NA
"TCAATCTAGCGTTGCC-1","normal",NA,0,1,NA,NA
"TCAATCTAGTACGTTC-1","normal",NA,0,1,NA,NA
"TCAATCTCAGACAAGC-1","normal",NA,0,0,NA,NA
"TCAATCTCAGTCAGCC-1","normal",NA,0,0,NA,NA
"TCAATCTGTGAAGGCT-1","tumor",NA,1,1,NA,NA
"TCAATCTGTGTTCTTT-1","normal",NA,0,0,NA,NA
"TCACAAGAGCCACGCT-1","normal",NA,0,1,NA,NA
"TCACAAGAGGAGCGAG-1","normal",NA,0,0,NA,NA
"TCACAAGAGGCGTACA-1","tumor",NA,1,1,NA,NA
"TCACAAGCATCTCCCA-1","normal","yes",0,0,NA,NA
"TCACGAAAGACATAAC-1","normal",NA,0,0,NA,NA
"TCACGAAAGTTAAGTG-1","normal",NA,0,0,NA,NA
"TCACGAACAAACTGTC-1","normal",NA,0,1,NA,NA
"TCACGAACAAGGACTG-1","normal",NA,0,1,NA,NA
"TCACGAACATCTATGG-1","normal",NA,0,0,NA,NA
"TCACGAATCACCACCT-1","tumor",NA,1,1,NA,NA
"TCACGAATCCTACAGA-1","normal",NA,0,0,NA,NA
"TCAGATGCATCCCACT-1","normal","yes",0,0,NA,NA
"TCAGATGGTCCCTACT-1","normal",NA,0,0,NA,NA
"TCAGATGTCAAACCGT-1","normal",NA,0,0,NA,NA
"TCAGATGTCAAAGACA-1","filtered",NA,2,0,NA,NA
"TCAGATGTCATGGTCA-1","normal",NA,0,0,NA,NA
"TCAGCAACAGTATCTG-1","normal",NA,0,0,NA,NA
"TCAGCAATCAGTACGT-1","normal",NA,0,0,NA,NA
"TCAGCTCAGAAACGAG-1","normal",NA,0,0,NA,NA
"TCAGCTCCAACGATCT-1","normal",NA,0,1,NA,NA
"TCAGCTCGTATTCTCT-1","normal",NA,0,1,NA,NA
"TCAGCTCGTCCGTGAC-1","tumor",NA,1,1,NA,NA
"TCAGCTCTCCGTAGTA-1","tumor",NA,1,1,NA,NA
"TCAGCTCTCTCGTTTA-1","tumor",NA,1,1,NA,NA
"TCAGGATCAAAGAATC-1","normal",NA,0,0,NA,NA
"TCAGGTAAGTTTGCGT-1","tumor",NA,1,1,NA,NA
"TCAGGTAGTCTAAAGA-1","tumor",NA,1,1,NA,NA
"TCAGGTAGTGAGTGAC-1","normal",NA,0,0,NA,NA
"TCAGGTAGTGCGAAAC-1","normal",NA,0,0,NA,NA
"TCAGGTATCACGGTTA-1","normal",NA,0,1,NA,NA
"TCATTACAGCTGCAAG-1","normal",NA,0,0,NA,NA
"TCATTACAGGAGTCTG-1","tumor",NA,1,1,NA,NA
"TCATTACGTTCAGGCC-1","normal",NA,0,0,NA,NA
"TCATTTGAGTCAAGGC-1","normal",NA,0,0,NA,NA
"TCATTTGCAAGTACCT-1","tumor",NA,1,1,NA,NA
"TCATTTGTCAACGCTA-1","normal",NA,0,0,NA,NA
"TCATTTGTCGGTCTAA-1","normal",NA,0,1,NA,NA
"TCCACACGTACAGCAG-1","tumor",NA,1,1,NA,NA
"TCCACACGTTCGTGAT-1","tumor",NA,1,1,NA,NA
"TCCCGATAGCCTTGAT-1","tumor",NA,1,1,NA,NA
"TCCCGATTCTTACCGC-1","tumor",NA,1,1,NA,NA
"TCGAGGCAGGCAGGTT-1","normal",NA,0,0,NA,NA
"TCGAGGCAGGCGTACA-1","tumor",NA,1,1,NA,NA
"TCGAGGCAGGGAACGG-1","normal",NA,0,0,NA,NA
"TCGAGGCCACTAAGTC-1","tumor",NA,1,1,NA,NA
"TCGAGGCGTCGAATCT-1","normal",NA,0,0,NA,NA
"TCGAGGCGTGATGCCC-1","tumor",NA,1,1,NA,NA
"TCGAGGCGTGATGTGG-1","normal",NA,0,0,NA,NA
"TCGAGGCGTTGCGCAC-1","normal",NA,0,0,NA,NA
"TCGAGGCTCCCAACGG-1","tumor",NA,1,1,NA,NA
"TCGCGAGCACGAAGCA-1","normal",NA,0,0,NA,NA
"TCGCGTTCACTAGTAC-1","tumor",NA,1,1,NA,NA
"TCGCGTTTCACCTCGT-1","tumor",NA,1,1,NA,NA
"TCGGGACCACCGCTAG-1","normal",NA,0,0,NA,NA
"TCGGGACCAGGATCGA-1","filtered",NA,2,1,NA,NA
"TCGGGACGTGTCCTCT-1","tumor",NA,1,1,NA,NA
"TCGGGACTCGGTTAAC-1","normal",NA,0,0,NA,NA
"TCGGTAAAGTAGATGT-1","tumor",NA,1,1,NA,NA
"TCGGTAAGTAGCTAAA-1","tumor",NA,1,1,NA,NA
"TCGTACCCACCACGTG-1","normal",NA,0,0,NA,NA
"TCGTACCCAGGACCCT-1","tumor",NA,1,1,NA,NA
"TCGTACCGTGGACGAT-1","normal",NA,0,0,NA,NA
"TCGTACCTCAAACGGG-1","normal","yes",0,0,NA,NA
"TCGTAGAAGCGCCTCA-1","normal",NA,0,0,NA,NA
"TCGTAGACACAGACAG-1","normal",NA,0,0,NA,NA
"TCGTAGACACTCTGTC-1","normal",NA,0,1,NA,NA
"TCGTAGAGTTCAGACT-1","normal",NA,0,0,NA,NA
"TCGTAGATCACTATTC-1","normal",NA,0,1,NA,NA
"TCGTAGATCGGCCGAT-1","normal",NA,0,0,NA,NA
"TCGTAGATCTCCAGGG-1","tumor",NA,1,1,NA,NA
"TCTATTGAGAGGGATA-1","normal",NA,0,0,NA,NA
"TCTATTGGTATCGCAT-1","tumor",NA,1,1,NA,NA
"TCTCATAAGTACGCGA-1","normal",NA,0,0,NA,NA
"TCTCATAGTTCCAACA-1","normal",NA,0,1,NA,NA
"TCTCTAAAGCCACTAT-1","normal",NA,0,1,NA,NA
"TCTCTAAAGGAGTACC-1","normal",NA,0,0,NA,NA
"TCTCTAAAGTGTTAGA-1","tumor",NA,1,1,NA,NA
"TCTCTAACACAGGCCT-1","normal",NA,0,0,NA,NA
"TCTCTAACATCCCATC-1","normal",NA,0,0,NA,NA
"TCTCTAAGTATGGTTC-1","normal",NA,0,1,NA,NA
"TCTCTAATCCGTCATC-1","normal",NA,0,0,NA,NA
"TCTGAGACACGGTAAG-1","normal",NA,0,1,NA,NA
"TCTGAGACACTACAGT-1","normal",NA,0,0,NA,NA
"TCTGAGACAGCCAGAA-1","normal",NA,0,0,NA,NA
"TCTGAGACAGTGGAGT-1","tumor",NA,1,1,NA,NA
"TCTGAGACATCGGGTC-1","normal",NA,0,0,NA,NA
"TCTGAGAGTATGAAAC-1","normal",NA,0,1,NA,NA
"TCTGGAAAGCGATCCC-1","normal",NA,0,0,NA,NA
"TCTGGAAAGCTTCGCG-1","tumor",NA,1,1,NA,NA
"TCTGGAAAGTCCCACG-1","normal","yes",0,0,NA,NA
"TCTGGAACATCGTCGG-1","normal",NA,0,0,NA,NA
"TCTGGAATCCGTCAAA-1","normal",NA,0,0,NA,NA
"TCTGGAATCGGCGCTA-1","normal",NA,0,0,NA,NA
"TCTGGAATCGTTTGCC-1","normal",NA,0,0,NA,NA
"TCTTCGGGTAAATACG-1","tumor",NA,1,1,NA,NA
"TCTTCGGGTCTTGTCC-1","normal",NA,0,0,NA,NA
"TCTTCGGTCCACGCAG-1","tumor",NA,1,1,NA,NA
"TCTTCGGTCGTAGATC-1","normal",NA,0,0,NA,NA
"TCTTCGGTCGTCGTTC-1","normal",NA,0,1,NA,NA
"TCTTTCCAGTCAAGCG-1","tumor",NA,1,1,NA,NA
"TCTTTCCCAGGGATTG-1","normal",NA,0,0,NA,NA
"TCTTTCCGTAGCCTCG-1","normal",NA,0,0,NA,NA
"TCTTTCCGTAGTACCT-1","tumor",NA,1,1,NA,NA
"TCTTTCCTCGCTTAGA-1","normal",NA,0,0,NA,NA
"TCTTTCCTCTGTCTAT-1","tumor",NA,1,1,NA,NA
"TGAAAGATCACCGGGT-1","normal",NA,0,1,NA,NA
"TGACAACCAAACGTGG-1","tumor",NA,1,1,NA,NA
"TGACAACGTCCAGTGC-1","tumor",NA,1,1,NA,NA
"TGACAACGTGTGAATA-1","filtered",NA,2,1,NA,NA
"TGACGGCAGATATGCA-1","tumor",NA,1,1,NA,NA
"TGACGGCAGCAGACTG-1","normal",NA,0,0,NA,NA
"TGACGGCCACCACGTG-1","tumor",NA,1,1,NA,NA
"TGACGGCCATCACGAT-1","tumor",NA,1,1,NA,NA
"TGACTAGTCCTAAGTG-1","tumor",NA,1,1,NA,NA
"TGACTTTGTTCCCGAG-1","tumor",NA,1,1,NA,NA
"TGAGAGGAGTAACCCT-1","tumor",NA,1,1,NA,NA
"TGAGAGGAGTCTCCTC-1","normal",NA,0,1,NA,NA
"TGAGAGGCAATGTAAG-1","normal",NA,0,0,NA,NA
"TGAGAGGCACATCCGG-1","normal",NA,0,0,NA,NA
"TGAGAGGTCCTTGACC-1","normal",NA,0,0,NA,NA
"TGAGCATGTCTTCGTC-1","normal",NA,0,0,NA,NA
"TGAGCATTCTACTTAC-1","normal",NA,0,0,NA,NA
"TGAGCCGCACACAGAG-1","tumor",NA,1,1,NA,NA
"TGAGCCGGTGTCAATC-1","tumor",NA,1,1,NA,NA
"TGAGGGATCGCAAGCC-1","normal",NA,0,0,NA,NA
"TGATTTCAGTCTTGCA-1","normal",NA,0,1,NA,NA
"TGATTTCCAATCGGTT-1","tumor",NA,1,1,NA,NA
"TGCACCTAGACAATAC-1","normal",NA,0,1,NA,NA
"TGCACCTAGATCTGAA-1","normal",NA,0,0,NA,NA
"TGCACCTGTGATGATA-1","normal",NA,0,0,NA,NA
"TGCACCTGTTTGTTTC-1","normal",NA,0,0,NA,NA
"TGCACCTTCTGTCTAT-1","tumor",NA,1,1,NA,NA
"TGCCAAAAGCTAACAA-1","tumor",NA,1,1,NA,NA
"TGCCAAACAATTGCTG-1","tumor",NA,1,1,NA,NA
"TGCCAAACACTGAAGG-1","normal",NA,0,1,NA,NA
"TGCCAAAGTCGCATCG-1","tumor",NA,1,1,NA,NA
"TGCCAAATCACCGGGT-1","tumor",NA,1,1,NA,NA
"TGCCCATCAGCTCGCA-1","tumor",NA,1,1,NA,NA
"TGCCCTAAGCTCAACT-1","tumor",NA,1,1,NA,NA
"TGCCCTAAGGTGCTAG-1","tumor",NA,1,1,NA,NA
"TGCCCTAAGTCATGCT-1","normal",NA,0,1,NA,NA
"TGCCCTACAGACAAAT-1","normal",NA,0,0,NA,NA
"TGCCCTACATATGCTG-1","tumor",NA,1,1,NA,NA
"TGCCCTACATCTCCCA-1","tumor",NA,1,1,NA,NA
"TGCCCTAGTATCTGCA-1","normal",NA,0,0,NA,NA
"TGCCCTATCACCCGAG-1","normal",NA,0,1,NA,NA
"TGCCCTATCCCAACGG-1","normal",NA,0,0,NA,NA
"TGCCCTATCCGCATCT-1","normal",NA,0,1,NA,NA
"TGCCCTATCCTTGACC-1","tumor",NA,1,1,NA,NA
"TGCCCTATCTGACCTC-1","normal",NA,0,0,NA,NA
"TGCGCAGAGCACCGCT-1","normal",NA,0,0,NA,NA
"TGCGCAGGTCTCCCTA-1","normal",NA,0,0,NA,NA
"TGCGCAGGTTTGGGCC-1","normal",NA,0,0,NA,NA
"TGCGCAGTCTTTACGT-1","normal",NA,0,0,NA,NA
"TGCGGGTAGCCAGTTT-1","normal",NA,0,0,NA,NA
"TGCGGGTAGGGTATCG-1","normal",NA,0,0,NA,NA
"TGCGTGGAGGACAGCT-1","normal",NA,0,0,NA,NA
"TGCGTGGGTAGGCTGA-1","tumor",NA,1,1,NA,NA
"TGCGTGGGTCATTAGC-1","tumor",NA,1,1,NA,NA
"TGCGTGGTCACTATTC-1","normal",NA,0,0,NA,NA
"TGCTACCAGCCCTAAT-1","normal",NA,0,0,NA,NA
"TGCTACCAGTGCGATG-1","tumor",NA,1,1,NA,NA
"TGCTACCCAAGCCGCT-1","normal",NA,0,0,NA,NA
"TGCTACCTCCTCGCAT-1","tumor",NA,1,1,NA,NA
"TGCTGCTAGAAGGTGA-1","normal",NA,0,0,NA,NA
"TGCTGCTAGGAATGGA-1","normal",NA,0,0,NA,NA
"TGGACGCCACTTACGA-1","tumor",NA,1,1,NA,NA
"TGGACGCGTGCCTGTG-1","tumor",NA,1,1,NA,NA
"TGGACGCGTGTAACGG-1","tumor",NA,1,1,NA,NA
"TGGCCAGGTTCGTCTC-1","normal",NA,0,0,NA,NA
"TGGCCAGTCTGACCTC-1","normal",NA,0,0,NA,NA
"TGGCGCAAGATGGGTC-1","tumor",NA,1,1,NA,NA
"TGGCGCAAGCTCAACT-1","normal",NA,0,0,NA,NA
"TGGCGCACAAGTTCTG-1","normal",NA,0,1,NA,NA
"TGGCGCAGTGAAGGCT-1","tumor",NA,1,1,NA,NA
"TGGCGCAGTGAGTGAC-1","normal",NA,0,1,NA,NA
"TGGCGCATCGCACTCT-1","tumor",NA,1,1,NA,NA
"TGGCTGGAGCTCCTCT-1","filtered",NA,2,1,NA,NA
"TGGCTGGAGTGACTCT-1","tumor",NA,1,1,NA,NA
"TGGCTGGAGTGTTAGA-1","normal",NA,0,1,NA,NA
"TGGCTGGCAGCTTCGG-1","tumor",NA,1,1,NA,NA
"TGGGAAGCATTACCTT-1","normal",NA,0,0,NA,NA
"TGGGAAGGTAAATGTG-1","tumor",NA,1,1,NA,NA
"TGGGCGTAGAGTCTGG-1","tumor",NA,1,1,NA,NA
"TGGGCGTCATCACGAT-1","normal",NA,0,0,NA,NA
"TGGGCGTGTCTGCCAG-1","tumor",NA,1,1,NA,NA
"TGGGCGTTCCACGACG-1","tumor",NA,1,1,NA,NA
"TGGTTAGAGAACTGTA-1","normal",NA,0,1,NA,NA
"TGGTTAGCAATAACGA-1","normal",NA,0,0,NA,NA
"TGGTTAGCACTTCTGC-1","normal",NA,0,0,NA,NA
"TGGTTCCCAAGCCCAC-1","normal",NA,0,1,NA,NA
"TGGTTCCCACATGACT-1","normal",NA,0,1,NA,NA
"TGGTTCCTCCAGTAGT-1","normal",NA,0,1,NA,NA
"TGTCCCAAGAGTCGGT-1","normal",NA,0,1,NA,NA
"TGTCCCAGTATTCGTG-1","normal",NA,0,0,NA,NA
"TGTCCCATCAACGGCC-1","normal",NA,0,0,NA,NA
"TGTGGTAAGAGTGAGA-1","tumor",NA,1,1,NA,NA
"TGTGGTAAGATGTAAC-1","tumor",NA,1,1,NA,NA
"TGTGGTATCACTCCTG-1","tumor",NA,1,1,NA,NA
"TGTGGTATCCGTCATC-1","tumor",NA,1,1,NA,NA
"TGTGTTTGTCCATGAT-1","normal",NA,0,0,NA,NA
"TGTGTTTGTCGCTTCT-1","filtered",NA,2,1,NA,NA
"TGTGTTTGTCGGATCC-1","tumor",NA,1,1,NA,NA
"TGTGTTTGTGGTACAG-1","normal",NA,0,0,NA,NA
"TGTGTTTTCGTCGTTC-1","tumor",NA,1,1,NA,NA
"TGTTCCGAGAGACGAA-1","tumor",NA,1,1,NA,NA
"TGTTCCGAGCGAGAAA-1","normal",NA,0,1,NA,NA
"TGTTCCGAGGTGCTAG-1","tumor",NA,1,1,NA,NA
"TGTTCCGAGTCGCCGT-1","normal",NA,0,0,NA,NA
"TGTTCCGAGTGAATTG-1","normal",NA,0,0,NA,NA
"TGTTCCGCAAGCTGAG-1","normal",NA,0,0,NA,NA
"TGTTCCGGTACAGACG-1","normal",NA,0,0,NA,NA
"TGTTCCGTCAAGATCC-1","normal",NA,0,1,NA,NA
"TGTTCCGTCCCTAATT-1","filtered",NA,2,1,NA,NA
"TTAACTCAGACGCACA-1","normal",NA,0,0,NA,NA
"TTAACTCCAAGCGTAG-1","normal",NA,0,1,NA,NA
"TTAACTCCAGATCGGA-1","normal",NA,0,0,NA,NA
"TTAACTCCAGGATTGG-1","tumor",NA,1,1,NA,NA
"TTAACTCGTAGAAAGG-1","tumor",NA,1,1,NA,NA
"TTAGGACAGGGCTTCC-1","tumor",NA,1,1,NA,NA
"TTAGGACCAGCTGTTA-1","normal",NA,0,0,NA,NA
"TTAGGACTCCATGCTC-1","normal",NA,0,0,NA,NA
"TTAGGACTCCGTAGTA-1","normal",NA,0,0,NA,NA
"TTAGGACTCGTTTGCC-1","tumor",NA,1,1,NA,NA
"TTAGGCAAGGCCCGTT-1","tumor",NA,1,1,NA,NA
"TTAGGCACATATGGTC-1","normal",NA,0,0,NA,NA
"TTAGGCAGTTATGTGC-1","tumor",NA,1,0,NA,NA
"TTAGGCAGTTGAGTTC-1","normal",NA,0,0,NA,NA
"TTAGGCATCGTACCGG-1","normal",NA,0,0,NA,NA
"TTAGGCATCGTAGGTT-1","filtered",NA,2,0,NA,NA
"TTAGTTCAGATGGCGT-1","normal",NA,0,0,NA,NA
"TTAGTTCAGCGATAGC-1","tumor",NA,1,1,NA,NA
"TTAGTTCAGGCATTGG-1","tumor",NA,1,1,NA,NA
"TTAGTTCCAAGTCATC-1","tumor",NA,1,1,NA,NA
"TTAGTTCCATCGGACC-1","normal",NA,0,0,NA,NA
"TTAGTTCCATTTCAGG-1","normal",NA,0,0,NA,NA
"TTAGTTCTCCTTTCTC-1","tumor",NA,1,1,NA,NA
"TTAGTTCTCGTTTAGG-1","normal",NA,0,0,NA,NA
"TTAGTTCTCTTAGCCC-1","normal",NA,0,1,NA,NA
"TTATGCTCAAGCTGAG-1","normal",NA,0,1,NA,NA
"TTATGCTCACCGAATT-1","normal",NA,0,1,NA,NA
"TTATGCTGTAAATGAC-1","normal",NA,0,0,NA,NA
"TTATGCTGTCCAACTA-1","normal",NA,0,1,NA,NA
"TTATGCTTCCTTGACC-1","tumor",NA,1,1,NA,NA
"TTCCCAGCAATGAAAC-1","tumor",NA,1,1,NA,NA
"TTCCCAGCACTCAGGC-1","tumor",NA,1,1,NA,NA
"TTCCCAGGTGGCAAAC-1","normal",NA,0,0,NA,NA
"TTCCCAGTCCGCGGTA-1","tumor",NA,1,1,NA,NA
"TTCCCAGTCGTCGTTC-1","tumor",NA,1,1,NA,NA
"TTCGAAGGTACCGTAT-1","normal",NA,0,0,NA,NA
"TTCGAAGTCACGACTA-1","tumor",NA,1,1,NA,NA
"TTCGAAGTCGGAAACG-1","normal",NA,0,0,NA,NA
"TTCGAAGTCTGCAAGT-1","normal",NA,0,0,NA,NA
"TTCGGTCAGAAGGTGA-1","tumor",NA,1,1,NA,NA
"TTCGGTCAGTCCTCCT-1","normal",NA,0,0,NA,NA
"TTCGGTCAGTTAAGTG-1","tumor",NA,1,1,NA,NA
"TTCGGTCCAAGAAAGG-1","normal",NA,0,1,NA,NA
"TTCGGTCCAATGGATA-1","tumor",NA,1,1,NA,NA
"TTCGGTCTCTCTTGAT-1","normal",NA,0,0,NA,NA
"TTCTACACAGGAACGT-1","normal",NA,0,0,NA,NA
"TTCTACAGTATCACCA-1","normal",NA,0,0,NA,NA
"TTCTACATCCTGTAGA-1","tumor",NA,1,1,NA,NA
"TTCTACATCTACTTAC-1","normal",NA,0,1,NA,NA
"TTCTCAAAGCATCATC-1","normal",NA,0,1,NA,NA
"TTCTCAACAGGCTGAA-1","tumor",NA,1,1,NA,NA
"TTCTCCTCACGTCAGC-1","normal",NA,0,0,NA,NA
"TTCTCCTCACTATCTT-1","normal",NA,0,0,NA,NA
"TTCTCCTCAGCCAGAA-1","tumor",NA,1,1,NA,NA
"TTCTCCTGTAAACCTC-1","tumor",NA,1,1,NA,NA
"TTCTCCTGTCGCATAT-1","normal",NA,0,1,NA,NA
"TTCTCCTGTGCAACTT-1","normal",NA,0,0,NA,NA
"TTGAACGCAAACGTGG-1","tumor",NA,1,1,NA,NA
"TTGAACGCAACTGGCC-1","normal",NA,0,0,NA,NA
"TTGAACGCAATCTACG-1","tumor",NA,1,1,NA,NA
"TTGAACGCAGCATACT-1","tumor",NA,1,1,NA,NA
"TTGAACGCAGCTGCTG-1","normal",NA,0,0,NA,NA
"TTGAACGCAGCTTCGG-1","tumor",NA,1,1,NA,NA
"TTGAACGTCTAACTTC-1","normal",NA,0,1,NA,NA
"TTGACTTAGACTGGGT-1","tumor",NA,1,1,NA,NA
"TTGACTTAGGGATACC-1","normal",NA,0,1,NA,NA
"TTGACTTAGTTGTCGT-1","tumor",NA,1,1,NA,NA
"TTGACTTGTATAGGGC-1","normal",NA,0,1,NA,NA
"TTGACTTGTCTCCCTA-1","tumor",NA,1,1,NA,NA
"TTGACTTTCCAGATCA-1","normal",NA,0,0,NA,NA
"TTGCCGTAGGTGATAT-1","normal",NA,0,0,NA,NA
"TTGCCGTAGTGCCAGA-1","tumor",NA,1,1,NA,NA
"TTGCCGTCAACTTGAC-1","tumor",NA,1,1,NA,NA
"TTGCCGTGTACTTCTT-1","normal",NA,0,0,NA,NA
"TTGCCGTGTGTGGTTT-1","tumor",NA,1,1,NA,NA
"TTGCGTCAGTGCCAGA-1","tumor",NA,1,1,NA,NA
"TTGCGTCGTCCGCTGA-1","normal",NA,0,1,NA,NA
"TTGCGTCTCACTTACT-1","tumor",NA,1,1,NA,NA
"TTGCGTCTCTAAGCCA-1","normal",NA,0,0,NA,NA
"TTGGAACCATTAACCG-1","tumor",NA,1,1,NA,NA
"TTGGAACGTAAATGTG-1","tumor",NA,1,1,NA,NA
"TTGGAACTCCAGGGCT-1","tumor",NA,1,1,NA,NA
"TTGGAACTCTTCCTTC-1","tumor",NA,1,1,NA,NA
"TTGGCAACATATGAGA-1","tumor",NA,1,1,NA,NA
"TTGGCAATCAGCGATT-1","filtered",NA,2,1,NA,NA
"TTGGCAATCAGTCAGT-1","tumor",NA,1,1,NA,NA
"TTGTAGGCACACTGCG-1","normal",NA,0,0,NA,NA
"TTGTAGGGTTACCAGT-1","normal",NA,0,0,NA,NA
"TTTACTGCAACGATGG-1","tumor",NA,1,1,NA,NA
"TTTACTGGTAAATACG-1","tumor",NA,1,1,NA,NA
"TTTACTGGTACCGCTG-1","normal",NA,0,1,NA,NA
"TTTACTGGTAGCGCAA-1","tumor",NA,1,1,NA,NA
"TTTACTGGTCCGTCAG-1","tumor",NA,1,1,NA,NA
"TTTACTGGTCTAAACC-1","tumor",NA,1,1,NA,NA
"TTTACTGTCCACGACG-1","tumor",NA,1,1,NA,NA
"TTTATGCAGCTAAACA-1","tumor",NA,1,1,NA,NA
"TTTATGCCAATCCGAT-1","tumor",NA,1,1,NA,NA
"TTTATGCCAGCCTTTC-1","normal",NA,0,0,NA,NA
"TTTATGCCAGTCACTA-1","normal",NA,0,1,NA,NA
"TTTATGCTCACCATAG-1","tumor",NA,1,1,NA,NA
"TTTATGCTCAGCATGT-1","tumor",NA,1,1,NA,NA
"TTTCCTCAGAGGTTGC-1","normal",NA,0,0,NA,NA
"TTTCCTCCAATGGAAT-1","normal",NA,0,1,NA,NA
"TTTCCTCTCACAATGC-1","normal",NA,0,0,NA,NA
"TTTGCGCAGACATAAC-1","normal",NA,0,0,NA,NA
"TTTGCGCCAATCACAC-1","tumor",NA,1,1,NA,NA
"TTTGCGCCACAGCCCA-1","normal",NA,0,0,NA,NA
"TTTGCGCCACGCCAGT-1","normal",NA,0,0,NA,NA
"TTTGGTTCAGCCAGAA-1","tumor",NA,1,1,NA,NA
"TTTGGTTGTACCGAGA-1","normal",NA,0,1,NA,NA
"TTTGGTTGTCATACTG-1","normal",NA,0,0,NA,NA
"TTTGGTTGTGTGTGCC-1","normal",NA,0,0,NA,NA
"TTTGGTTTCACGACTA-1","normal","yes",0,0,NA,NA
"TTTGTCAAGGTTACCT-1","normal",NA,0,0,NA,NA
"TTTGTCAAGTACACCT-1","tumor",NA,1,1,NA,NA
"TTTGTCAGTCTTGTCC-1","normal",NA,0,0,NA,NA
"TTTGTCATCGGTCCGA-1","tumor",NA,1,1,NA,NA
